file,texture,width,height,selected_pixels,alpha_zero,alpha_full,alpha_partial,alpha_min,alpha_max
D:\MCStudioDownload\work\m15962993069@163.com\Cpp\AddOn\5f8c9b1478e241ac94031b1b02df08e3\resource_pack_EP_JXK_Gun_1\textures\models\aek973_color_mask.png,textures/models/aek973_color_mask,160,92,1612,0,2,1610,37,255
D:\MCStudioDownload\work\m15962993069@163.com\Cpp\AddOn\59cc2f296e854a9d8fe027ff0bb9f9c4\resource_pack_EP_JXK_Gun_8\textures\models\akita_color_mask.png,textures/models/akita_color_mask,94,54,4905,0,2066,2839,1,255
D:\MCStudioDownload\work\m15962993069@163.com\Cpp\AddOn\59cc2f296e854a9d8fe027ff0bb9f9c4\resource_pack_EP_JXK_Gun_8\textures\models\akita_scorchlink_akimbo_color_mask.png,textures/models/akita_scorchlink_akimbo_color_mask,90,52,4617,0,2226,2391,2,255
D:\MCStudioDownload\work\m15962993069@163.com\Cpp\AddOn\0d09f0c5ce3c4778be216e9fda681ea0\resource_pack_EP_JXK_Gun_2\textures\models\an94.png,textures/models/an94,512,512,0,0,0,0,,
D:\MCStudioDownload\work\m15962993069@163.com\Cpp\AddOn\0d09f0c5ce3c4778be216e9fda681ea0\resource_pack_EP_JXK_Gun_2\textures\models\ar57_color_mask.png,textures/models/ar57_color_mask,248,134,6028,0,4,6024,23,255
D:\MCStudioDownload\work\m15962993069@163.com\Cpp\AddOn\0d09f0c5ce3c4778be216e9fda681ea0\resource_pack_EP_JXK_Gun_2\textures\models\ash12.png,textures/models/ash12,512,512,0,0,0,0,,
D:\MCStudioDownload\work\m15962993069@163.com\Cpp\AddOn\ca565077d9b644d2a0aba55f43d17bb3\resource_pack_EP_JXK_12\textures\models\ash12_time.png,textures/models/ash12_time,256,256,0,0,0,0,,
D:\MCStudioDownload\work\m15962993069@163.com\Cpp\AddOn\ead4fc560a4e45c1bdd0d88ef9710061\resource_pack_EP_JXK_9\textures\models\auto5_color_mask.png,textures/models/auto5_color_mask,126,64,7181,0,7180,1,25,255
D:\MCStudioDownload\work\m15962993069@163.com\Cpp\AddOn\0d09f0c5ce3c4778be216e9fda681ea0\resource_pack_EP_JXK_Gun_2\textures\models\aw50_color_mask.png,textures/models/aw50_color_mask,104,106,10816,0,11,10805,74,255
D:\MCStudioDownload\work\m15962993069@163.com\Cpp\AddOn\0d09f0c5ce3c4778be216e9fda681ea0\resource_pack_EP_JXK_Gun_2\textures\models\axmc_color_mask.png,textures/models/axmc_color_mask,156,108,16826,0,0,16826,89,217
D:\MCStudioDownload\work\m15962993069@163.com\Cpp\AddOn\5f8c9b1478e241ac94031b1b02df08e3\resource_pack_EP_JXK_Gun_1\textures\models\bal27_color_mask.png,textures/models/bal27_color_mask,252,136,4311,0,0,4311,128,250
D:\MCStudioDownload\work\m15962993069@163.com\Cpp\AddOn\5f8c9b1478e241ac94031b1b02df08e3\resource_pack_EP_JXK_Gun_1\textures\models\basilisk_color_mask.png,textures/models/basilisk_color_mask,256,256,16983,0,16983,0,255,255
D:\MCStudioDownload\work\m15962993069@163.com\Cpp\AddOn\5f8c9b1478e241ac94031b1b02df08e3\resource_pack_EP_JXK_Gun_1\textures\models\basp_tf_color_mask.png,textures/models/basp_tf_color_mask,174,88,1222,0,4,1218,7,255
D:\MCStudioDownload\work\m15962993069@163.com\Cpp\AddOn\ead4fc560a4e45c1bdd0d88ef9710061\resource_pack_EP_JXK_9\textures\models\colt1873_color_mask.png,textures/models/colt1873_color_mask,36,54,1316,0,1316,0,255,255
D:\MCStudioDownload\work\m15962993069@163.com\Cpp\AddOn\ead4fc560a4e45c1bdd0d88ef9710061\resource_pack_EP_JXK_9\textures\models\colt1873_lb_color_mask.png,textures/models/colt1873_lb_color_mask,100,50,2267,0,2267,0,255,255
D:\MCStudioDownload\work\m15962993069@163.com\Cpp\AddOn\ead4fc560a4e45c1bdd0d88ef9710061\resource_pack_EP_JXK_9\textures\models\coltm1892_color_mask.png,textures/models/coltm1892_color_mask,76,66,5015,0,2511,2504,3,255
D:\MCStudioDownload\work\m15962993069@163.com\Cpp\AddOn\ead4fc560a4e45c1bdd0d88ef9710061\resource_pack_EP_JXK_9\textures\models\coltm1892pair_color_mask.png,textures/models/coltm1892pair_color_mask,134,68,4954,0,2494,2460,14,255
D:\MCStudioDownload\work\m15962993069@163.com\Cpp\AddOn\0d09f0c5ce3c4778be216e9fda681ea0\resource_pack_EP_JXK_Gun_2\textures\models\desert.png,textures/models/desert,256,256,0,0,0,0,,
D:\MCStudioDownload\work\m15962993069@163.com\Cpp\AddOn\5f8c9b1478e241ac94031b1b02df08e3\resource_pack_EP_JXK_Gun_1\textures\models\dtir3006_color_mask.png,textures/models/dtir3006_color_mask,256,256,16994,0,16994,0,255,255
D:\MCStudioDownload\work\m15962993069@163.com\Cpp\AddOn\0d09f0c5ce3c4778be216e9fda681ea0\resource_pack_EP_JXK_Gun_2\textures\models\dvl10.png,textures/models/dvl10,1024,1024,0,0,0,0,,
D:\MCStudioDownload\work\m15962993069@163.com\Cpp\AddOn\5f8c9b1478e241ac94031b1b02df08e3\resource_pack_EP_JXK_Gun_1\textures\models\ebr14_color_mask.png,textures/models/ebr14_color_mask,176,120,4612,0,37,4575,2,255
D:\MCStudioDownload\work\m15962993069@163.com\Cpp\AddOn\823d802adb2e42708a71ca4f863afe35\resource_pack_EP_JXK_Gun_3\textures\models\emx_basb_color_mask.png,textures/models/emx_basb_color_mask,360,290,10139,0,7657,2482,8,255
D:\MCStudioDownload\work\m15962993069@163.com\Cpp\AddOn\823d802adb2e42708a71ca4f863afe35\resource_pack_EP_JXK_Gun_3\textures\models\emx_locus_color_mask.png,textures/models/emx_locus_color_mask,260,282,16589,0,11036,5553,35,255
D:\MCStudioDownload\work\m15962993069@163.com\Cpp\AddOn\823d802adb2e42708a71ca4f863afe35\resource_pack_EP_JXK_Gun_3\textures\models\emx_locusmk2_color_mask.png,textures/models/emx_locusmk2_color_mask,484,246,17666,0,9865,7801,9,255
D:\MCStudioDownload\work\m15962993069@163.com\Cpp\AddOn\823d802adb2e42708a71ca4f863afe35\resource_pack_EP_JXK_Gun_3\textures\models\emx_parts\aim\emx_up_sight_a_color_mask.png,textures/models/emx_parts/aim/emx_up_sight_a_color_mask,32,32,95,0,3,92,58,255
D:\MCStudioDownload\work\m15962993069@163.com\Cpp\AddOn\823d802adb2e42708a71ca4f863afe35\resource_pack_EP_JXK_Gun_3\textures\models\emx_parts\aim\emx_up_sight_b_color_mask.png,textures/models/emx_parts/aim/emx_up_sight_b_color_mask,16,16,60,0,3,57,75,255
D:\MCStudioDownload\work\m15962993069@163.com\Cpp\AddOn\823d802adb2e42708a71ca4f863afe35\resource_pack_EP_JXK_Gun_3\textures\models\emx_parts\aim\emx_up_sight_c_color_mask.png,textures/models/emx_parts/aim/emx_up_sight_c_color_mask,16,16,40,0,3,37,63,255
D:\MCStudioDownload\work\m15962993069@163.com\Cpp\AddOn\823d802adb2e42708a71ca4f863afe35\resource_pack_EP_JXK_Gun_3\textures\models\emx_parts\aim\emx_up_sight_d_color_mask.png,textures/models/emx_parts/aim/emx_up_sight_d_color_mask,16,16,45,0,4,41,76,255
D:\MCStudioDownload\work\m15962993069@163.com\Cpp\AddOn\823d802adb2e42708a71ca4f863afe35\resource_pack_EP_JXK_Gun_3\textures\models\emx_parts\aim\emx_up_sight_e_color_mask.png,textures/models/emx_parts/aim/emx_up_sight_e_color_mask,16,16,70,0,4,66,51,255
D:\MCStudioDownload\work\m15962993069@163.com\Cpp\AddOn\823d802adb2e42708a71ca4f863afe35\resource_pack_EP_JXK_Gun_3\textures\models\emx_parts\aim\emx_up_sight_f_color_mask.png,textures/models/emx_parts/aim/emx_up_sight_f_color_mask,16,16,55,0,3,52,53,255
D:\MCStudioDownload\work\m15962993069@163.com\Cpp\AddOn\823d802adb2e42708a71ca4f863afe35\resource_pack_EP_JXK_Gun_3\textures\models\emx_parts\aim\emx_up_sight_g_color_mask.png,textures/models/emx_parts/aim/emx_up_sight_g_color_mask,16,16,58,0,4,54,64,255
D:\MCStudioDownload\work\m15962993069@163.com\Cpp\AddOn\823d802adb2e42708a71ca4f863afe35\resource_pack_EP_JXK_Gun_3\textures\models\emx_parts\aim\emx_up_sight_h_color_mask.png,textures/models/emx_parts/aim/emx_up_sight_h_color_mask,16,16,63,0,3,60,57,255
D:\MCStudioDownload\work\m15962993069@163.com\Cpp\AddOn\823d802adb2e42708a71ca4f863afe35\resource_pack_EP_JXK_Gun_3\textures\models\emx_parts\aim\emx_up_sight_i_color_mask.png,textures/models/emx_parts/aim/emx_up_sight_i_color_mask,64,64,832,0,16,816,7,255
D:\MCStudioDownload\work\m15962993069@163.com\Cpp\AddOn\823d802adb2e42708a71ca4f863afe35\resource_pack_EP_JXK_Gun_3\textures\models\emx_parts\aim\emx_up_sight_j_color_mask.png,textures/models/emx_parts/aim/emx_up_sight_j_color_mask,64,64,928,0,16,912,6,255
D:\MCStudioDownload\work\m15962993069@163.com\Cpp\AddOn\823d802adb2e42708a71ca4f863afe35\resource_pack_EP_JXK_Gun_3\textures\models\emx_parts\aim\emx_up_sight_k_color_mask.png,textures/models/emx_parts/aim/emx_up_sight_k_color_mask,64,64,85,0,1,84,6,255
D:\MCStudioDownload\work\m15962993069@163.com\Cpp\AddOn\823d802adb2e42708a71ca4f863afe35\resource_pack_EP_JXK_Gun_3\textures\models\emx_parts\aim\emx_up_sight_l_color_mask.png,textures/models/emx_parts/aim/emx_up_sight_l_color_mask,64,128,75,0,1,74,6,255
D:\MCStudioDownload\work\m15962993069@163.com\Cpp\AddOn\823d802adb2e42708a71ca4f863afe35\resource_pack_EP_JXK_Gun_3\textures\models\emx_parts\aim\emx_up_sight_m_color_mask.png,textures/models/emx_parts/aim/emx_up_sight_m_color_mask,64,64,1088,0,32,1056,6,255
D:\MCStudioDownload\work\m15962993069@163.com\Cpp\AddOn\823d802adb2e42708a71ca4f863afe35\resource_pack_EP_JXK_Gun_3\textures\models\emx_parts\aim\emx_up_sight_n_color_mask.png,textures/models/emx_parts/aim/emx_up_sight_n_color_mask,64,256,80,0,4,76,6,255
D:\MCStudioDownload\work\m15962993069@163.com\Cpp\AddOn\823d802adb2e42708a71ca4f863afe35\resource_pack_EP_JXK_Gun_3\textures\models\emx_parts\aim\emx_up_sight_o_color_mask.png,textures/models/emx_parts/aim/emx_up_sight_o_color_mask,64,256,103,0,4,99,6,255
D:\MCStudioDownload\work\m15962993069@163.com\Cpp\AddOn\823d802adb2e42708a71ca4f863afe35\resource_pack_EP_JXK_Gun_3\textures\models\emx_parts\aim\emx_up_sight_p_color_mask.png,textures/models/emx_parts/aim/emx_up_sight_p_color_mask,16,16,50,0,4,46,7,255
D:\MCStudioDownload\work\m15962993069@163.com\Cpp\AddOn\823d802adb2e42708a71ca4f863afe35\resource_pack_EP_JXK_Gun_3\textures\models\emx_parts\aim\emx_up_sight_q_color_mask.png,textures/models/emx_parts/aim/emx_up_sight_q_color_mask,16,16,55,0,3,52,8,255
D:\MCStudioDownload\work\m15962993069@163.com\Cpp\AddOn\823d802adb2e42708a71ca4f863afe35\resource_pack_EP_JXK_Gun_3\textures\models\emx_parts\aim\emx_up_sight_r_color_mask.png,textures/models/emx_parts/aim/emx_up_sight_r_color_mask,32,128,70,0,3,67,6,255
D:\MCStudioDownload\work\m15962993069@163.com\Cpp\AddOn\823d802adb2e42708a71ca4f863afe35\resource_pack_EP_JXK_Gun_3\textures\models\emx_parts\aim\emx_up_sight_s_color_mask.png,textures/models/emx_parts/aim/emx_up_sight_s_color_mask,128,128,67,0,2,65,7,255
D:\MCStudioDownload\work\m15962993069@163.com\Cpp\AddOn\823d802adb2e42708a71ca4f863afe35\resource_pack_EP_JXK_Gun_3\textures\models\emx_parts\aim\emx_up_sight_t_color_mask.png,textures/models/emx_parts/aim/emx_up_sight_t_color_mask,64,64,528,0,32,496,7,255
D:\MCStudioDownload\work\m15962993069@163.com\Cpp\AddOn\823d802adb2e42708a71ca4f863afe35\resource_pack_EP_JXK_Gun_3\textures\models\emx_parts\aim\emx_up_sight_u_color_mask.png,textures/models/emx_parts/aim/emx_up_sight_u_color_mask,64,64,1024,0,32,992,6,255
D:\MCStudioDownload\work\m15962993069@163.com\Cpp\AddOn\823d802adb2e42708a71ca4f863afe35\resource_pack_EP_JXK_Gun_3\textures\models\emx_parts\aim\emx_up_sight_v_color_mask.png,textures/models/emx_parts/aim/emx_up_sight_v_color_mask,128,128,53,0,5,48,6,255
D:\MCStudioDownload\work\m15962993069@163.com\Cpp\AddOn\823d802adb2e42708a71ca4f863afe35\resource_pack_EP_JXK_Gun_3\textures\models\emx_parts\foregrip\emx_foregrip_a_color_mask.png,textures/models/emx_parts/foregrip/emx_foregrip_a_color_mask,16,16,17,0,1,16,40,255
D:\MCStudioDownload\work\m15962993069@163.com\Cpp\AddOn\823d802adb2e42708a71ca4f863afe35\resource_pack_EP_JXK_Gun_3\textures\models\emx_parts\foregrip\emx_foregrip_b_color_mask.png,textures/models/emx_parts/foregrip/emx_foregrip_b_color_mask,16,16,5,0,1,4,40,255
D:\MCStudioDownload\work\m15962993069@163.com\Cpp\AddOn\823d802adb2e42708a71ca4f863afe35\resource_pack_EP_JXK_Gun_3\textures\models\emx_parts\foregrip\emx_foregrip_c_color_mask.png,textures/models/emx_parts/foregrip/emx_foregrip_c_color_mask,16,16,8,0,2,6,205,255
D:\MCStudioDownload\work\m15962993069@163.com\Cpp\AddOn\823d802adb2e42708a71ca4f863afe35\resource_pack_EP_JXK_Gun_3\textures\models\emx_parts\foregrip\emx_foregrip_d_color_mask.png,textures/models/emx_parts/foregrip/emx_foregrip_d_color_mask,16,16,12,0,1,11,40,255
D:\MCStudioDownload\work\m15962993069@163.com\Cpp\AddOn\823d802adb2e42708a71ca4f863afe35\resource_pack_EP_JXK_Gun_3\textures\models\emx_parts\foregrip\emx_foregrip_e_color_mask.png,textures/models/emx_parts/foregrip/emx_foregrip_e_color_mask,16,16,16,0,2,14,40,255
D:\MCStudioDownload\work\m15962993069@163.com\Cpp\AddOn\823d802adb2e42708a71ca4f863afe35\resource_pack_EP_JXK_Gun_3\textures\models\emx_parts\foregrip\emx_foregrip_f_color_mask.png,textures/models/emx_parts/foregrip/emx_foregrip_f_color_mask,16,16,14,0,2,12,205,255
D:\MCStudioDownload\work\m15962993069@163.com\Cpp\AddOn\823d802adb2e42708a71ca4f863afe35\resource_pack_EP_JXK_Gun_3\textures\models\emx_parts\foregrip\emx_foregrip_g_color_mask.png,textures/models/emx_parts/foregrip/emx_foregrip_g_color_mask,16,16,5,0,1,4,86,255
D:\MCStudioDownload\work\m15962993069@163.com\Cpp\AddOn\823d802adb2e42708a71ca4f863afe35\resource_pack_EP_JXK_Gun_3\textures\models\emx_parts\foregrip\emx_foregrip_h_color_mask.png,textures/models/emx_parts/foregrip/emx_foregrip_h_color_mask,16,16,5,0,1,4,205,255
D:\MCStudioDownload\work\m15962993069@163.com\Cpp\AddOn\823d802adb2e42708a71ca4f863afe35\resource_pack_EP_JXK_Gun_3\textures\models\emx_parts\foregrip\emx_foregrip_i_color_mask.png,textures/models/emx_parts/foregrip/emx_foregrip_i_color_mask,16,16,22,0,5,17,95,255
D:\MCStudioDownload\work\m15962993069@163.com\Cpp\AddOn\823d802adb2e42708a71ca4f863afe35\resource_pack_EP_JXK_Gun_3\textures\models\emx_parts\foregrip\emx_foregrip_j_color_mask.png,textures/models/emx_parts/foregrip/emx_foregrip_j_color_mask,16,16,9,0,1,8,40,255
D:\MCStudioDownload\work\m15962993069@163.com\Cpp\AddOn\823d802adb2e42708a71ca4f863afe35\resource_pack_EP_JXK_Gun_3\textures\models\emx_parts\foregrip\emx_foregrip_k_color_mask.png,textures/models/emx_parts/foregrip/emx_foregrip_k_color_mask,16,16,14,0,1,13,68,255
D:\MCStudioDownload\work\m15962993069@163.com\Cpp\AddOn\823d802adb2e42708a71ca4f863afe35\resource_pack_EP_JXK_Gun_3\textures\models\emx_parts\foregrip\emx_foregrip_l_color_mask.png,textures/models/emx_parts/foregrip/emx_foregrip_l_color_mask,16,16,13,0,2,11,72,255
D:\MCStudioDownload\work\m15962993069@163.com\Cpp\AddOn\823d802adb2e42708a71ca4f863afe35\resource_pack_EP_JXK_Gun_3\textures\models\emx_parts\foregrip\emx_foregrip_m_color_mask.png,textures/models/emx_parts/foregrip/emx_foregrip_m_color_mask,16,16,14,0,1,13,40,255
D:\MCStudioDownload\work\m15962993069@163.com\Cpp\AddOn\823d802adb2e42708a71ca4f863afe35\resource_pack_EP_JXK_Gun_3\textures\models\emx_parts\foregrip\emx_foregrip_n_color_mask.png,textures/models/emx_parts/foregrip/emx_foregrip_n_color_mask,16,16,16,0,1,15,205,255
D:\MCStudioDownload\work\m15962993069@163.com\Cpp\AddOn\823d802adb2e42708a71ca4f863afe35\resource_pack_EP_JXK_Gun_3\textures\models\emx_parts\foregrip\emx_foregrip_o_color_mask.png,textures/models/emx_parts/foregrip/emx_foregrip_o_color_mask,16,16,16,0,1,15,40,255
D:\MCStudioDownload\work\m15962993069@163.com\Cpp\AddOn\823d802adb2e42708a71ca4f863afe35\resource_pack_EP_JXK_Gun_3\textures\models\emx_parts\foregrip\emx_foregrip_p_color_mask.png,textures/models/emx_parts/foregrip/emx_foregrip_p_color_mask,16,16,11,0,1,10,40,255
D:\MCStudioDownload\work\m15962993069@163.com\Cpp\AddOn\823d802adb2e42708a71ca4f863afe35\resource_pack_EP_JXK_Gun_3\textures\models\emx_parts\foregrip\emx_foregrip_q_color_mask.png,textures/models/emx_parts/foregrip/emx_foregrip_q_color_mask,16,16,27,0,1,26,40,255
D:\MCStudioDownload\work\m15962993069@163.com\Cpp\AddOn\823d802adb2e42708a71ca4f863afe35\resource_pack_EP_JXK_Gun_3\textures\models\emx_parts\foregrip\emx_foregrip_r_color_mask.png,textures/models/emx_parts/foregrip/emx_foregrip_r_color_mask,16,16,27,0,1,26,40,255
D:\MCStudioDownload\work\m15962993069@163.com\Cpp\AddOn\823d802adb2e42708a71ca4f863afe35\resource_pack_EP_JXK_Gun_3\textures\models\emx_parts\foregrip\emx_foregrip_s_color_mask.png,textures/models/emx_parts/foregrip/emx_foregrip_s_color_mask,16,16,12,0,1,11,95,255
D:\MCStudioDownload\work\m15962993069@163.com\Cpp\AddOn\823d802adb2e42708a71ca4f863afe35\resource_pack_EP_JXK_Gun_3\textures\models\emx_parts\foregrip\emx_foregrip_t_color_mask.png,textures/models/emx_parts/foregrip/emx_foregrip_t_color_mask,16,16,24,0,1,23,40,255
D:\MCStudioDownload\work\m15962993069@163.com\Cpp\AddOn\823d802adb2e42708a71ca4f863afe35\resource_pack_EP_JXK_Gun_3\textures\models\emx_parts\foregrip\emx_foregrip_u_color_mask.png,textures/models/emx_parts/foregrip/emx_foregrip_u_color_mask,16,16,7,0,2,5,205,255
D:\MCStudioDownload\work\m15962993069@163.com\Cpp\AddOn\823d802adb2e42708a71ca4f863afe35\resource_pack_EP_JXK_Gun_3\textures\models\emx_parts\foregrip\emx_foregrip_v_color_mask.png,textures/models/emx_parts/foregrip/emx_foregrip_v_color_mask,32,32,416,0,0,416,95,205
D:\MCStudioDownload\work\m15962993069@163.com\Cpp\AddOn\823d802adb2e42708a71ca4f863afe35\resource_pack_EP_JXK_Gun_3\textures\models\emx_parts\gunstock\emx_gunstock_a_color_mask.png,textures/models/emx_parts/gunstock/emx_gunstock_a_color_mask,32,32,818,0,22,796,44,255
D:\MCStudioDownload\work\m15962993069@163.com\Cpp\AddOn\823d802adb2e42708a71ca4f863afe35\resource_pack_EP_JXK_Gun_3\textures\models\emx_parts\gunstock\emx_gunstock_b_color_mask.png,textures/models/emx_parts/gunstock/emx_gunstock_b_color_mask,32,32,745,0,0,745,205,205
D:\MCStudioDownload\work\m15962993069@163.com\Cpp\AddOn\823d802adb2e42708a71ca4f863afe35\resource_pack_EP_JXK_Gun_3\textures\models\emx_parts\gunstock\emx_gunstock_c_color_mask.png,textures/models/emx_parts/gunstock/emx_gunstock_c_color_mask,16,16,17,0,2,15,95,255
D:\MCStudioDownload\work\m15962993069@163.com\Cpp\AddOn\823d802adb2e42708a71ca4f863afe35\resource_pack_EP_JXK_Gun_3\textures\models\emx_parts\gunstock\emx_gunstock_d_color_mask.png,textures/models/emx_parts/gunstock/emx_gunstock_d_color_mask,16,16,56,0,3,53,40,255
D:\MCStudioDownload\work\m15962993069@163.com\Cpp\AddOn\823d802adb2e42708a71ca4f863afe35\resource_pack_EP_JXK_Gun_3\textures\models\emx_parts\gunstock\emx_gunstock_e_color_mask.png,textures/models/emx_parts/gunstock/emx_gunstock_e_color_mask,16,16,62,0,14,48,40,255
D:\MCStudioDownload\work\m15962993069@163.com\Cpp\AddOn\823d802adb2e42708a71ca4f863afe35\resource_pack_EP_JXK_Gun_3\textures\models\emx_parts\gunstock\emx_gunstock_f_color_mask.png,textures/models/emx_parts/gunstock/emx_gunstock_f_color_mask,16,16,21,0,1,20,40,255
D:\MCStudioDownload\work\m15962993069@163.com\Cpp\AddOn\823d802adb2e42708a71ca4f863afe35\resource_pack_EP_JXK_Gun_3\textures\models\emx_parts\gunstock\emx_gunstock_g_color_mask.png,textures/models/emx_parts/gunstock/emx_gunstock_g_color_mask,16,16,20,0,1,19,95,255
D:\MCStudioDownload\work\m15962993069@163.com\Cpp\AddOn\823d802adb2e42708a71ca4f863afe35\resource_pack_EP_JXK_Gun_3\textures\models\emx_parts\gunstock\emx_gunstock_h_color_mask.png,textures/models/emx_parts/gunstock/emx_gunstock_h_color_mask,16,16,69,0,3,66,40,255
D:\MCStudioDownload\work\m15962993069@163.com\Cpp\AddOn\823d802adb2e42708a71ca4f863afe35\resource_pack_EP_JXK_Gun_3\textures\models\emx_parts\gunstock\emx_gunstock_i_color_mask.png,textures/models/emx_parts/gunstock/emx_gunstock_i_color_mask,16,16,51,0,2,49,95,255
D:\MCStudioDownload\work\m15962993069@163.com\Cpp\AddOn\823d802adb2e42708a71ca4f863afe35\resource_pack_EP_JXK_Gun_3\textures\models\emx_parts\gunstock\emx_gunstock_j_color_mask.png,textures/models/emx_parts/gunstock/emx_gunstock_j_color_mask,16,16,54,0,2,52,40,255
D:\MCStudioDownload\work\m15962993069@163.com\Cpp\AddOn\823d802adb2e42708a71ca4f863afe35\resource_pack_EP_JXK_Gun_3\textures\models\emx_parts\gunstock\emx_gunstock_k_color_mask.png,textures/models/emx_parts/gunstock/emx_gunstock_k_color_mask,16,16,53,0,2,51,40,255
D:\MCStudioDownload\work\m15962993069@163.com\Cpp\AddOn\823d802adb2e42708a71ca4f863afe35\resource_pack_EP_JXK_Gun_3\textures\models\emx_parts\gunstock\emx_gunstock_l_color_mask.png,textures/models/emx_parts/gunstock/emx_gunstock_l_color_mask,16,16,38,0,2,36,40,255
D:\MCStudioDownload\work\m15962993069@163.com\Cpp\AddOn\823d802adb2e42708a71ca4f863afe35\resource_pack_EP_JXK_Gun_3\textures\models\emx_parts\gunstock\emx_gunstock_m_color_mask.png,textures/models/emx_parts/gunstock/emx_gunstock_m_color_mask,16,16,46,0,1,45,40,255
D:\MCStudioDownload\work\m15962993069@163.com\Cpp\AddOn\823d802adb2e42708a71ca4f863afe35\resource_pack_EP_JXK_Gun_3\textures\models\emx_parts\gunstock\emx_gunstock_n_color_mask.png,textures/models/emx_parts/gunstock/emx_gunstock_n_color_mask,16,16,54,0,1,53,95,255
D:\MCStudioDownload\work\m15962993069@163.com\Cpp\AddOn\823d802adb2e42708a71ca4f863afe35\resource_pack_EP_JXK_Gun_3\textures\models\emx_parts\gunstock\emx_gunstock_o_color_mask.png,textures/models/emx_parts/gunstock/emx_gunstock_o_color_mask,16,16,28,0,1,27,40,255
D:\MCStudioDownload\work\m15962993069@163.com\Cpp\AddOn\823d802adb2e42708a71ca4f863afe35\resource_pack_EP_JXK_Gun_3\textures\models\emx_parts\gunstock\emx_gunstock_p_color_mask.png,textures/models/emx_parts/gunstock/emx_gunstock_p_color_mask,16,16,55,0,5,50,95,255
D:\MCStudioDownload\work\m15962993069@163.com\Cpp\AddOn\823d802adb2e42708a71ca4f863afe35\resource_pack_EP_JXK_Gun_3\textures\models\emx_parts\gunstock\emx_gunstock_q_color_mask.png,textures/models/emx_parts/gunstock/emx_gunstock_q_color_mask,16,16,57,0,1,56,95,255
D:\MCStudioDownload\work\m15962993069@163.com\Cpp\AddOn\823d802adb2e42708a71ca4f863afe35\resource_pack_EP_JXK_Gun_3\textures\models\emx_parts\muzzle\emx_muzzle_a_color_mask.png,textures/models/emx_parts/muzzle/emx_muzzle_a_color_mask,16,16,10,0,1,9,74,255
D:\MCStudioDownload\work\m15962993069@163.com\Cpp\AddOn\823d802adb2e42708a71ca4f863afe35\resource_pack_EP_JXK_Gun_3\textures\models\emx_parts\muzzle\emx_muzzle_b_color_mask.png,textures/models/emx_parts/muzzle/emx_muzzle_b_color_mask,16,16,10,0,1,9,80,255
D:\MCStudioDownload\work\m15962993069@163.com\Cpp\AddOn\823d802adb2e42708a71ca4f863afe35\resource_pack_EP_JXK_Gun_3\textures\models\emx_parts\muzzle\emx_muzzle_c_color_mask.png,textures/models/emx_parts/muzzle/emx_muzzle_c_color_mask,16,16,15,0,0,15,65,111
D:\MCStudioDownload\work\m15962993069@163.com\Cpp\AddOn\823d802adb2e42708a71ca4f863afe35\resource_pack_EP_JXK_Gun_3\textures\models\emx_parts\muzzle\emx_muzzle_d_color_mask.png,textures/models/emx_parts/muzzle/emx_muzzle_d_color_mask,16,16,15,0,1,14,73,255
D:\MCStudioDownload\work\m15962993069@163.com\Cpp\AddOn\823d802adb2e42708a71ca4f863afe35\resource_pack_EP_JXK_Gun_3\textures\models\emx_parts\muzzle\emx_muzzle_e_color_mask.png,textures/models/emx_parts/muzzle/emx_muzzle_e_color_mask,16,16,8,0,1,7,79,255
D:\MCStudioDownload\work\m15962993069@163.com\Cpp\AddOn\823d802adb2e42708a71ca4f863afe35\resource_pack_EP_JXK_Gun_3\textures\models\emx_parts\muzzle\emx_muzzle_f_color_mask.png,textures/models/emx_parts/muzzle/emx_muzzle_f_color_mask,16,16,51,0,1,50,61,255
D:\MCStudioDownload\work\m15962993069@163.com\Cpp\AddOn\823d802adb2e42708a71ca4f863afe35\resource_pack_EP_JXK_Gun_3\textures\models\emx_parts\muzzle\emx_muzzle_g_color_mask.png,textures/models/emx_parts/muzzle/emx_muzzle_g_color_mask,16,16,24,0,1,23,72,255
D:\MCStudioDownload\work\m15962993069@163.com\Cpp\AddOn\823d802adb2e42708a71ca4f863afe35\resource_pack_EP_JXK_Gun_3\textures\models\emx_parts\muzzle\emx_muzzle_h_color_mask.png,textures/models/emx_parts/muzzle/emx_muzzle_h_color_mask,16,16,22,0,1,21,62,255
D:\MCStudioDownload\work\m15962993069@163.com\Cpp\AddOn\823d802adb2e42708a71ca4f863afe35\resource_pack_EP_JXK_Gun_3\textures\models\emx_parts\muzzle\emx_muzzle_i_color_mask.png,textures/models/emx_parts/muzzle/emx_muzzle_i_color_mask,16,16,14,0,1,13,52,255
D:\MCStudioDownload\work\m15962993069@163.com\Cpp\AddOn\823d802adb2e42708a71ca4f863afe35\resource_pack_EP_JXK_Gun_3\textures\models\emx_parts\muzzle\emx_muzzle_j_color_mask.png,textures/models/emx_parts/muzzle/emx_muzzle_j_color_mask,16,16,17,0,1,16,61,255
D:\MCStudioDownload\work\m15962993069@163.com\Cpp\AddOn\823d802adb2e42708a71ca4f863afe35\resource_pack_EP_JXK_Gun_3\textures\models\emx_parts\muzzle\emx_muzzle_k_color_mask.png,textures/models/emx_parts/muzzle/emx_muzzle_k_color_mask,16,16,11,0,1,10,68,255
D:\MCStudioDownload\work\m15962993069@163.com\Cpp\AddOn\823d802adb2e42708a71ca4f863afe35\resource_pack_EP_JXK_Gun_3\textures\models\emx_parts\muzzle\emx_muzzle_l_color_mask.png,textures/models/emx_parts/muzzle/emx_muzzle_l_color_mask,16,16,41,0,3,38,67,255
D:\MCStudioDownload\work\m15962993069@163.com\Cpp\AddOn\823d802adb2e42708a71ca4f863afe35\resource_pack_EP_JXK_Gun_3\textures\models\emx_parts\muzzle\emx_muzzle_m_color_mask.png,textures/models/emx_parts/muzzle/emx_muzzle_m_color_mask,16,16,15,0,3,12,57,255
D:\MCStudioDownload\work\m15962993069@163.com\Cpp\AddOn\823d802adb2e42708a71ca4f863afe35\resource_pack_EP_JXK_Gun_3\textures\models\emx_parts\rack\emx_rack_a_color_mask.png,textures/models/emx_parts/rack/emx_rack_a_color_mask,32,32,964,0,0,964,40,205
D:\MCStudioDownload\work\m15962993069@163.com\Cpp\AddOn\823d802adb2e42708a71ca4f863afe35\resource_pack_EP_JXK_Gun_3\textures\models\emx_parts\rack\emx_rack_b_color_mask.png,textures/models/emx_parts/rack/emx_rack_b_color_mask,16,16,31,0,4,27,95,255
D:\MCStudioDownload\work\m15962993069@163.com\Cpp\AddOn\823d802adb2e42708a71ca4f863afe35\resource_pack_EP_JXK_Gun_3\textures\models\emx_parts\rack\emx_rack_c_color_mask.png,textures/models/emx_parts/rack/emx_rack_c_color_mask,16,16,6,0,2,4,205,255
D:\MCStudioDownload\work\m15962993069@163.com\Cpp\AddOn\823d802adb2e42708a71ca4f863afe35\resource_pack_EP_JXK_Gun_3\textures\models\emx_parts\slider\emx_left_slider_a_color_mask.png,textures/models/emx_parts/slider/emx_left_slider_a_color_mask,16,16,16,0,1,15,205,255
D:\MCStudioDownload\work\m15962993069@163.com\Cpp\AddOn\823d802adb2e42708a71ca4f863afe35\resource_pack_EP_JXK_Gun_3\textures\models\emx_parts\slider\emx_left_slider_b_color_mask.png,textures/models/emx_parts/slider/emx_left_slider_b_color_mask,16,16,7,0,0,7,95,205
D:\MCStudioDownload\work\m15962993069@163.com\Cpp\AddOn\823d802adb2e42708a71ca4f863afe35\resource_pack_EP_JXK_Gun_3\textures\models\emx_parts\slider\emx_left_slider_c_color_mask.png,textures/models/emx_parts/slider/emx_left_slider_c_color_mask,16,16,18,0,0,18,95,205
D:\MCStudioDownload\work\m15962993069@163.com\Cpp\AddOn\823d802adb2e42708a71ca4f863afe35\resource_pack_EP_JXK_Gun_3\textures\models\emx_parts\slider\emx_left_slider_d_color_mask.png,textures/models/emx_parts/slider/emx_left_slider_d_color_mask,16,16,20,0,2,18,205,255
D:\MCStudioDownload\work\m15962993069@163.com\Cpp\AddOn\823d802adb2e42708a71ca4f863afe35\resource_pack_EP_JXK_Gun_3\textures\models\emx_parts\slider\emx_left_slider_e_color_mask.png,textures/models/emx_parts/slider/emx_left_slider_e_color_mask,16,16,46,0,1,45,205,255
D:\MCStudioDownload\work\m15962993069@163.com\Cpp\AddOn\823d802adb2e42708a71ca4f863afe35\resource_pack_EP_JXK_Gun_3\textures\models\emx_parts\slider\emx_left_slider_f_color_mask.png,textures/models/emx_parts/slider/emx_left_slider_f_color_mask,16,16,19,0,2,17,95,255
D:\MCStudioDownload\work\m15962993069@163.com\Cpp\AddOn\823d802adb2e42708a71ca4f863afe35\resource_pack_EP_JXK_Gun_3\textures\models\emx_parts\slider\emx_left_slider_g_color_mask.png,textures/models/emx_parts/slider/emx_left_slider_g_color_mask,16,16,42,0,4,38,205,255
D:\MCStudioDownload\work\m15962993069@163.com\Cpp\AddOn\823d802adb2e42708a71ca4f863afe35\resource_pack_EP_JXK_Gun_3\textures\models\emx_parts\slider\emx_left_slider_h_color_mask.png,textures/models/emx_parts/slider/emx_left_slider_h_color_mask,16,16,41,0,6,35,205,255
D:\MCStudioDownload\work\m15962993069@163.com\Cpp\AddOn\823d802adb2e42708a71ca4f863afe35\resource_pack_EP_JXK_Gun_3\textures\models\emx_rivet_color_mask.png,textures/models/emx_rivet_color_mask,350,176,2449,0,2151,298,37,255
D:\MCStudioDownload\work\m15962993069@163.com\Cpp\AddOn\823d802adb2e42708a71ca4f863afe35\resource_pack_EP_JXK_Gun_3\textures\models\emx_umx57_color_mask.png,textures/models/emx_umx57_color_mask,454,260,17359,0,12607,4752,3,255
D:\MCStudioDownload\work\m15962993069@163.com\Cpp\AddOn\823d802adb2e42708a71ca4f863afe35\resource_pack_EP_JXK_Gun_3\textures\models\emx_volk_color_mask.png,textures/models/emx_volk_color_mask,374,188,18009,0,2465,15544,24,255
D:\MCStudioDownload\work\m15962993069@163.com\Cpp\AddOn\823d802adb2e42708a71ca4f863afe35\resource_pack_EP_JXK_Gun_3\textures\models\emx_xsp23_color_mask.png,textures/models/emx_xsp23_color_mask,350,176,1977,0,1457,520,15,255
D:\MCStudioDownload\work\m15962993069@163.com\Cpp\AddOn\0d09f0c5ce3c4778be216e9fda681ea0\resource_pack_EP_JXK_Gun_2\textures\models\gepardpdw_color_mask.png,textures/models/gepardpdw_color_mask,190,104,4428,0,0,4428,2,249
D:\MCStudioDownload\work\m15962993069@163.com\Cpp\AddOn\0d09f0c5ce3c4778be216e9fda681ea0\resource_pack_EP_JXK_Gun_2\textures\models\gm6_color_mask.png,textures/models/gm6_color_mask,184,184,17680,0,15,17665,64,255
D:\MCStudioDownload\work\m15962993069@163.com\Cpp\AddOn\59cc2f296e854a9d8fe027ff0bb9f9c4\resource_pack_EP_JXK_Gun_8\textures\models\hawker_hx_color_mask.png,textures/models/hawker_hx_color_mask,36,70,1958,0,43,1915,6,255
D:\MCStudioDownload\work\m15962993069@163.com\Cpp\AddOn\5f8c9b1478e241ac94031b1b02df08e3\resource_pack_EP_JXK_Gun_1\textures\models\hdr_color_mask.png,textures/models/hdr_color_mask,176,88,2929,0,1,2928,1,255
D:\MCStudioDownload\work\m15962993069@163.com\Cpp\AddOn\ead4fc560a4e45c1bdd0d88ef9710061\resource_pack_EP_JXK_9\textures\models\hellriegelm1915_color_mask.png,textures/models/hellriegelm1915_color_mask,108,156,16784,0,848,15936,4,255
D:\MCStudioDownload\work\m15962993069@163.com\Cpp\AddOn\5f8c9b1478e241ac94031b1b02df08e3\resource_pack_EP_JXK_Gun_1\textures\models\holger26_color_mask.png,textures/models/holger26_color_mask,124,80,2129,0,3,2126,8,255
D:\MCStudioDownload\work\m15962993069@163.com\Cpp\AddOn\5f8c9b1478e241ac94031b1b02df08e3\resource_pack_EP_JXK_Gun_1\textures\models\holger_color_mask.png,textures/models/holger_color_mask,154,90,1422,0,5,1417,31,255
D:\MCStudioDownload\work\m15962993069@163.com\Cpp\AddOn\5f8c9b1478e241ac94031b1b02df08e3\resource_pack_EP_JXK_Gun_1\textures\models\iso_hemlock_556_2_color_mask.png,textures/models/iso_hemlock_556_2_color_mask,174,126,3746,0,0,3746,6,254
D:\MCStudioDownload\work\m15962993069@163.com\Cpp\AddOn\59cc2f296e854a9d8fe027ff0bb9f9c4\resource_pack_EP_JXK_Gun_8\textures\models\jager45_color_mask.png,textures/models/jager45_color_mask,62,44,2606,0,56,2550,7,255
D:\MCStudioDownload\work\m15962993069@163.com\Cpp\AddOn\5f8c9b1478e241ac94031b1b02df08e3\resource_pack_EP_JXK_Gun_1\textures\models\jak_requiem_762_color_mask.png,textures/models/jak_requiem_762_color_mask,216,108,1111,0,0,1111,10,253
D:\MCStudioDownload\work\m15962993069@163.com\Cpp\AddOn\5f8c9b1478e241ac94031b1b02df08e3\resource_pack_EP_JXK_Gun_1\textures\models\kastov762_color_mask.png,textures/models/kastov762_color_mask,212,138,2796,0,3,2793,11,255
D:\MCStudioDownload\work\m15962993069@163.com\Cpp\AddOn\5f8c9b1478e241ac94031b1b02df08e3\resource_pack_EP_JXK_Gun_1\textures\models\kv_broadside_color_mask.png,textures/models/kv_broadside_color_mask,256,256,20725,0,20725,0,255,255
D:\MCStudioDownload\work\m15962993069@163.com\Cpp\AddOn\ead4fc560a4e45c1bdd0d88ef9710061\resource_pack_EP_JXK_9\textures\models\lebel1886_07c_color_mask.png,textures/models/lebel1886_07c_color_mask,152,86,11970,0,11962,8,247,255
D:\MCStudioDownload\work\m15962993069@163.com\Cpp\AddOn\5f8c9b1478e241ac94031b1b02df08e3\resource_pack_EP_JXK_Gun_1\textures\models\longbow_color_mask.png,textures/models/longbow_color_mask,210,146,2058,0,1,2057,13,255
D:\MCStudioDownload\work\m15962993069@163.com\Cpp\AddOn\ead4fc560a4e45c1bdd0d88ef9710061\resource_pack_EP_JXK_9\textures\models\luger1906_color_mask.png,textures/models/luger1906_color_mask,168,90,14482,0,7,14475,2,255
D:\MCStudioDownload\work\m15962993069@163.com\Cpp\AddOn\ead4fc560a4e45c1bdd0d88ef9710061\resource_pack_EP_JXK_9\textures\models\lugerp08_color_mask.png,textures/models/lugerp08_color_mask,62,88,5450,0,2059,3391,4,255
D:\MCStudioDownload\work\m15962993069@163.com\Cpp\AddOn\5f8c9b1478e241ac94031b1b02df08e3\resource_pack_EP_JXK_Gun_1\textures\models\m13b_color_mask.png,textures/models/m13b_color_mask,174,88,1549,0,32,1517,5,255
D:\MCStudioDownload\work\m15962993069@163.com\Cpp\AddOn\59cc2f296e854a9d8fe027ff0bb9f9c4\resource_pack_EP_JXK_Gun_8\textures\models\m15mod0_color_mask.png,textures/models/m15mod0_color_mask,38,48,1808,0,17,1791,1,255
D:\MCStudioDownload\work\m15962993069@163.com\Cpp\AddOn\ead4fc560a4e45c1bdd0d88ef9710061\resource_pack_EP_JXK_9\textures\models\m1887_color_mask.png,textures/models/m1887_color_mask,92,112,10215,0,10213,2,25,255
D:\MCStudioDownload\work\m15962993069@163.com\Cpp\AddOn\ead4fc560a4e45c1bdd0d88ef9710061\resource_pack_EP_JXK_9\textures\models\m1887_hc_color_mask.png,textures/models/m1887_hc_color_mask,112,68,7415,0,7413,2,25,255
D:\MCStudioDownload\work\m15962993069@163.com\Cpp\AddOn\0d09f0c5ce3c4778be216e9fda681ea0\resource_pack_EP_JXK_Gun_2\textures\models\m1895_color_mask.png,textures/models/m1895_color_mask,102,52,4542,0,19,4523,19,255
D:\MCStudioDownload\work\m15962993069@163.com\Cpp\AddOn\ead4fc560a4e45c1bdd0d88ef9710061\resource_pack_EP_JXK_9\textures\models\m1garand_color_mask.png,textures/models/m1garand_color_mask,98,122,11738,0,11737,1,25,255
D:\MCStudioDownload\work\m15962993069@163.com\Cpp\AddOn\0d09f0c5ce3c4778be216e9fda681ea0\resource_pack_EP_JXK_Gun_2\textures\models\m200_color_mask.png,textures/models/m200_color_mask,240,148,14626,0,0,14626,2,254
D:\MCStudioDownload\work\m15962993069@163.com\Cpp\AddOn\0d09f0c5ce3c4778be216e9fda681ea0\resource_pack_EP_JXK_Gun_2\textures\models\m203_color_mask.png,textures/models/m203_color_mask,176,104,610,0,4,606,21,255
D:\MCStudioDownload\work\m15962993069@163.com\Cpp\AddOn\5f8c9b1478e241ac94031b1b02df08e3\resource_pack_EP_JXK_Gun_1\textures\models\m4_292cs_color_mask.png,textures/models/m4_292cs_color_mask,188,96,2706,0,4,2702,2,255
D:\MCStudioDownload\work\m15962993069@163.com\Cpp\AddOn\5f8c9b1478e241ac94031b1b02df08e3\resource_pack_EP_JXK_Gun_1\textures\models\m4_new_color_mask.png,textures/models/m4_new_color_mask,210,120,3952,0,11,3941,8,255
D:\MCStudioDownload\work\m15962993069@163.com\Cpp\AddOn\59cc2f296e854a9d8fe027ff0bb9f9c4\resource_pack_EP_JXK_Gun_8\textures\models\m8a1_color_mask.png,textures/models/m8a1_color_mask,86,92,7351,0,29,7322,77,255
D:\MCStudioDownload\work\m15962993069@163.com\Cpp\AddOn\59cc2f296e854a9d8fe027ff0bb9f9c4\resource_pack_EP_JXK_Gun_8\textures\models\m8a1_fullauto_color_mask.png,textures/models/m8a1_fullauto_color_mask,96,84,7657,0,223,7434,5,255
D:\MCStudioDownload\work\m15962993069@163.com\Cpp\AddOn\ead4fc560a4e45c1bdd0d88ef9710061\resource_pack_EP_JXK_9\textures\models\madsen_color_mask.png,textures/models/madsen_color_mask,142,140,19145,0,162,18983,101,255
D:\MCStudioDownload\work\m15962993069@163.com\Cpp\AddOn\5f8c9b1478e241ac94031b1b02df08e3\resource_pack_EP_JXK_Gun_1\textures\models\marine_sp_color_mask.png,textures/models/marine_sp_color_mask,162,126,1828,0,2,1826,7,255
D:\MCStudioDownload\work\m15962993069@163.com\Cpp\AddOn\0d09f0c5ce3c4778be216e9fda681ea0\resource_pack_EP_JXK_Gun_2\textures\models\mas38_color_mask.png,textures/models/mas38_color_mask,186,144,7810,0,5,7805,16,255
D:\MCStudioDownload\work\m15962993069@163.com\Cpp\AddOn\ead4fc560a4e45c1bdd0d88ef9710061\resource_pack_EP_JXK_9\textures\models\mg1417_color_mask.png,textures/models/mg1417_color_mask,202,196,38898,0,589,38309,5,255
D:\MCStudioDownload\work\m15962993069@163.com\Cpp\AddOn\0d09f0c5ce3c4778be216e9fda681ea0\resource_pack_EP_JXK_Gun_2\textures\models\mg338_color_mask.png,textures/models/mg338_color_mask,176,152,26701,0,0,26701,8,247
D:\MCStudioDownload\work\m15962993069@163.com\Cpp\AddOn\59cc2f296e854a9d8fe027ff0bb9f9c4\resource_pack_EP_JXK_Gun_8\textures\models\mk35_isr_color_mask.png,textures/models/mk35_isr_color_mask,48,44,1887,0,12,1875,7,255
D:\MCStudioDownload\work\m15962993069@163.com\Cpp\AddOn\0d09f0c5ce3c4778be216e9fda681ea0\resource_pack_EP_JXK_Gun_2\textures\models\mk3_color_mask.png,textures/models/mk3_color_mask,120,150,17968,0,4,17964,38,255
D:\MCStudioDownload\work\m15962993069@163.com\Cpp\AddOn\0d09f0c5ce3c4778be216e9fda681ea0\resource_pack_EP_JXK_Gun_2\textures\models\mk47.png,textures/models/mk47,4096,4096,0,0,0,0,,
D:\MCStudioDownload\work\m15962993069@163.com\Cpp\AddOn\ead4fc560a4e45c1bdd0d88ef9710061\resource_pack_EP_JXK_9\textures\models\mosin91_color_mask.png,textures/models/mosin91_color_mask,222,190,40512,0,40512,0,255,255
D:\MCStudioDownload\work\m15962993069@163.com\Cpp\AddOn\5f8c9b1478e241ac94031b1b02df08e3\resource_pack_EP_JXK_Gun_1\textures\models\mtz556_color_mask.png,textures/models/mtz556_color_mask,226,186,7380,0,1,7379,5,255
D:\MCStudioDownload\work\m15962993069@163.com\Cpp\AddOn\5f8c9b1478e241ac94031b1b02df08e3\resource_pack_EP_JXK_Gun_1\textures\models\oden_color_mask.png,textures/models/oden_color_mask,256,256,13835,0,13835,0,255,255
D:\MCStudioDownload\work\m15962993069@163.com\Cpp\AddOn\ead4fc560a4e45c1bdd0d88ef9710061\resource_pack_EP_JXK_9\textures\models\p17_color_mask.png,textures/models/p17_color_mask,120,80,9079,0,9074,5,247,255
D:\MCStudioDownload\work\m15962993069@163.com\Cpp\AddOn\fea27878bd6a487890f0ccbfbd45f113\resource_pack_EP_JXK_0_add\textures\models\parts\aim\parts_sight_1a_color_mask.png,textures/models/parts/aim/parts_sight_1a_color_mask,72,78,134,0,10,124,4,255
D:\MCStudioDownload\work\m15962993069@163.com\Cpp\AddOn\fea27878bd6a487890f0ccbfbd45f113\resource_pack_EP_JXK_0_add\textures\models\parts\aim\parts_sight_1b_color_mask.png,textures/models/parts/aim/parts_sight_1b_color_mask,52,70,558,0,352,206,7,255
D:\MCStudioDownload\work\m15962993069@163.com\Cpp\AddOn\fea27878bd6a487890f0ccbfbd45f113\resource_pack_EP_JXK_0_add\textures\models\parts\aim\parts_sight_1c_color_mask.png,textures/models/parts/aim/parts_sight_1c_color_mask,94,58,4112,0,1602,2510,2,255
D:\MCStudioDownload\work\m15962993069@163.com\Cpp\AddOn\fea27878bd6a487890f0ccbfbd45f113\resource_pack_EP_JXK_0_add\textures\models\parts\aim\parts_sight_1d_color_mask.png,textures/models/parts/aim/parts_sight_1d_color_mask,82,92,698,0,120,578,3,255
D:\MCStudioDownload\work\m15962993069@163.com\Cpp\AddOn\fea27878bd6a487890f0ccbfbd45f113\resource_pack_EP_JXK_0_add\textures\models\parts\aim\parts_sight_1e_color_mask.png,textures/models/parts/aim/parts_sight_1e_color_mask,58,72,336,0,54,282,4,255
D:\MCStudioDownload\work\m15962993069@163.com\Cpp\AddOn\fea27878bd6a487890f0ccbfbd45f113\resource_pack_EP_JXK_0_add\textures\models\parts\aim\parts_sight_1f_color_mask.png,textures/models/parts/aim/parts_sight_1f_color_mask,38,22,439,0,13,426,12,255
D:\MCStudioDownload\work\m15962993069@163.com\Cpp\AddOn\fea27878bd6a487890f0ccbfbd45f113\resource_pack_EP_JXK_0_add\textures\models\parts\aim\parts_sight_1g_color_mask.png,textures/models/parts/aim/parts_sight_1g_color_mask,30,20,536,0,13,523,11,255
D:\MCStudioDownload\work\m15962993069@163.com\Cpp\AddOn\fea27878bd6a487890f0ccbfbd45f113\resource_pack_EP_JXK_0_add\textures\models\parts\aim\parts_sight_1h_color_mask.png,textures/models/parts/aim/parts_sight_1h_color_mask,184,92,186,0,0,186,1,254
D:\MCStudioDownload\work\m15962993069@163.com\Cpp\AddOn\fea27878bd6a487890f0ccbfbd45f113\resource_pack_EP_JXK_0_add\textures\models\parts\aim\parts_sight_1i_color_mask.png,textures/models/parts/aim/parts_sight_1i_color_mask,32,32,381,0,1,380,7,255
D:\MCStudioDownload\work\m15962993069@163.com\Cpp\AddOn\fea27878bd6a487890f0ccbfbd45f113\resource_pack_EP_JXK_0_add\textures\models\parts\aim\parts_sight_1j_color_mask.png,textures/models/parts/aim/parts_sight_1j_color_mask,24,28,616,0,2,614,3,255
D:\MCStudioDownload\work\m15962993069@163.com\Cpp\AddOn\fea27878bd6a487890f0ccbfbd45f113\resource_pack_EP_JXK_0_add\textures\models\parts\aim\parts_sight_1k_color_mask.png,textures/models/parts/aim/parts_sight_1k_color_mask,32,24,554,0,0,554,4,254
D:\MCStudioDownload\work\m15962993069@163.com\Cpp\AddOn\fea27878bd6a487890f0ccbfbd45f113\resource_pack_EP_JXK_0_add\textures\models\parts\aim\parts_sight_1l_color_mask.png,textures/models/parts/aim/parts_sight_1l_color_mask,18,12,159,0,1,158,9,255
D:\MCStudioDownload\work\m15962993069@163.com\Cpp\AddOn\fea27878bd6a487890f0ccbfbd45f113\resource_pack_EP_JXK_0_add\textures\models\parts\aim\parts_sight_1m_color_mask.png,textures/models/parts/aim/parts_sight_1m_color_mask,30,20,529,0,0,529,2,254
D:\MCStudioDownload\work\m15962993069@163.com\Cpp\AddOn\fea27878bd6a487890f0ccbfbd45f113\resource_pack_EP_JXK_0_add\textures\models\parts\aim\parts_sight_1n_color_mask.png,textures/models/parts/aim/parts_sight_1n_color_mask,176,94,142,0,0,142,5,254
D:\MCStudioDownload\work\m15962993069@163.com\Cpp\AddOn\fea27878bd6a487890f0ccbfbd45f113\resource_pack_EP_JXK_0_add\textures\models\parts\aim\parts_sight_1o_color_mask.png,textures/models/parts/aim/parts_sight_1o_color_mask,12,8,82,0,1,81,12,255
D:\MCStudioDownload\work\m15962993069@163.com\Cpp\AddOn\fea27878bd6a487890f0ccbfbd45f113\resource_pack_EP_JXK_0_add\textures\models\parts\aim\parts_sight_1p_color_mask.png,textures/models/parts/aim/parts_sight_1p_color_mask,214,108,240,0,1,239,6,255
D:\MCStudioDownload\work\m15962993069@163.com\Cpp\AddOn\fea27878bd6a487890f0ccbfbd45f113\resource_pack_EP_JXK_0_add\textures\models\parts\aim\parts_sight_1q_color_mask.png,textures/models/parts/aim/parts_sight_1q_color_mask,152,76,362,0,3,359,102,255
D:\MCStudioDownload\work\m15962993069@163.com\Cpp\AddOn\fea27878bd6a487890f0ccbfbd45f113\resource_pack_EP_JXK_0_add\textures\models\parts\aim\parts_sight_1s_color_mask.png,textures/models/parts/aim/parts_sight_1s_color_mask,176,102,158,0,0,158,2,254
D:\MCStudioDownload\work\m15962993069@163.com\Cpp\AddOn\fea27878bd6a487890f0ccbfbd45f113\resource_pack_EP_JXK_0_add\textures\models\parts\aim\parts_sight_1t_color_mask.png,textures/models/parts/aim/parts_sight_1t_color_mask,158,92,48,0,10,38,13,255
D:\MCStudioDownload\work\m15962993069@163.com\Cpp\AddOn\fea27878bd6a487890f0ccbfbd45f113\resource_pack_EP_JXK_0_add\textures\models\parts\aim\parts_sight_1u_color_mask.png,textures/models/parts/aim/parts_sight_1u_color_mask,116,58,40,0,0,40,8,253
D:\MCStudioDownload\work\m15962993069@163.com\Cpp\AddOn\fea27878bd6a487890f0ccbfbd45f113\resource_pack_EP_JXK_0_add\textures\models\parts\aim\parts_sight_1v_color_mask.png,textures/models/parts/aim/parts_sight_1v_color_mask,80,50,460,0,2,458,2,255
D:\MCStudioDownload\work\m15962993069@163.com\Cpp\AddOn\fea27878bd6a487890f0ccbfbd45f113\resource_pack_EP_JXK_0_add\textures\models\parts\aim\parts_sight_1w_color_mask.png,textures/models/parts/aim/parts_sight_1w_color_mask,160,80,105,0,1,104,7,255
D:\MCStudioDownload\work\m15962993069@163.com\Cpp\AddOn\fea27878bd6a487890f0ccbfbd45f113\resource_pack_EP_JXK_0_add\textures\models\parts\aim\parts_sight_1x_color_mask.png,textures/models/parts/aim/parts_sight_1x_color_mask,70,94,1686,0,0,1686,1,51
D:\MCStudioDownload\work\m15962993069@163.com\Cpp\AddOn\fea27878bd6a487890f0ccbfbd45f113\resource_pack_EP_JXK_0_add\textures\models\parts\aim\parts_sight_1y_color_mask.png,textures/models/parts/aim/parts_sight_1y_color_mask,244,122,309,0,0,309,6,254
D:\MCStudioDownload\work\m15962993069@163.com\Cpp\AddOn\fea27878bd6a487890f0ccbfbd45f113\resource_pack_EP_JXK_0_add\textures\models\parts\aim\parts_sight_1z_color_mask.png,textures/models/parts/aim/parts_sight_1z_color_mask,20,26,455,0,0,455,8,254
D:\MCStudioDownload\work\m15962993069@163.com\Cpp\AddOn\fea27878bd6a487890f0ccbfbd45f113\resource_pack_EP_JXK_0_add\textures\models\parts\aim\parts_sight_2a_color_mask.png,textures/models/parts/aim/parts_sight_2a_color_mask,50,36,296,0,2,294,1,255
D:\MCStudioDownload\work\m15962993069@163.com\Cpp\AddOn\fea27878bd6a487890f0ccbfbd45f113\resource_pack_EP_JXK_0\textures\models\parts\aim_dowm_frame\aim_dowm_frame_a_color_mask.png,textures/models/parts/aim_dowm_frame/aim_dowm_frame_a_color_mask,10,6,50,0,1,49,62,255
D:\MCStudioDownload\work\m15962993069@163.com\Cpp\AddOn\fea27878bd6a487890f0ccbfbd45f113\resource_pack_EP_JXK_0\textures\models\parts\aim_dowm_frame\aim_dowm_frame_b_color_mask.png,textures/models/parts/aim_dowm_frame/aim_dowm_frame_b_color_mask,8,8,61,0,0,61,138,254
D:\MCStudioDownload\work\m15962993069@163.com\Cpp\AddOn\fea27878bd6a487890f0ccbfbd45f113\resource_pack_EP_JXK_0_add\textures\models\parts\foregrip\add_foregrip_a_color_mask.png,textures/models/parts/foregrip/add_foregrip_a_color_mask,14,12,155,0,0,155,10,254
D:\MCStudioDownload\work\m15962993069@163.com\Cpp\AddOn\fea27878bd6a487890f0ccbfbd45f113\resource_pack_EP_JXK_0_add\textures\models\parts\foregrip\add_foregrip_b_color_mask.png,textures/models/parts/foregrip/add_foregrip_b_color_mask,8,6,35,0,4,31,2,255
D:\MCStudioDownload\work\m15962993069@163.com\Cpp\AddOn\fea27878bd6a487890f0ccbfbd45f113\resource_pack_EP_JXK_0_add\textures\models\parts\foregrip\add_foregrip_c_color_mask.png,textures/models/parts/foregrip/add_foregrip_c_color_mask,14,8,106,0,0,106,6,253
D:\MCStudioDownload\work\m15962993069@163.com\Cpp\AddOn\fea27878bd6a487890f0ccbfbd45f113\resource_pack_EP_JXK_0_add\textures\models\parts\foregrip\add_foregrip_d_color_mask.png,textures/models/parts/foregrip/add_foregrip_d_color_mask,8,16,123,0,2,121,12,255
D:\MCStudioDownload\work\m15962993069@163.com\Cpp\AddOn\fea27878bd6a487890f0ccbfbd45f113\resource_pack_EP_JXK_0_add\textures\models\parts\foregrip\add_foregrip_e_color_mask.png,textures/models/parts/foregrip/add_foregrip_e_color_mask,10,18,160,0,0,160,9,253
D:\MCStudioDownload\work\m15962993069@163.com\Cpp\AddOn\fea27878bd6a487890f0ccbfbd45f113\resource_pack_EP_JXK_0_add\textures\models\parts\foregrip\add_foregrip_f_color_mask.png,textures/models/parts/foregrip/add_foregrip_f_color_mask,22,12,130,0,0,130,9,254
D:\MCStudioDownload\work\m15962993069@163.com\Cpp\AddOn\fea27878bd6a487890f0ccbfbd45f113\resource_pack_EP_JXK_0_add\textures\models\parts\foregrip\add_foregrip_g_color_mask.png,textures/models/parts/foregrip/add_foregrip_g_color_mask,22,12,174,0,0,174,4,254
D:\MCStudioDownload\work\m15962993069@163.com\Cpp\AddOn\fea27878bd6a487890f0ccbfbd45f113\resource_pack_EP_JXK_0_add\textures\models\parts\foregrip\add_foregrip_h_color_mask.png,textures/models/parts/foregrip/add_foregrip_h_color_mask,12,10,116,0,0,116,11,254
D:\MCStudioDownload\work\m15962993069@163.com\Cpp\AddOn\fea27878bd6a487890f0ccbfbd45f113\resource_pack_EP_JXK_0_add\textures\models\parts\foregrip\add_foregrip_i_color_mask.png,textures/models/parts/foregrip/add_foregrip_i_color_mask,4,8,30,0,0,30,3,253
D:\MCStudioDownload\work\m15962993069@163.com\Cpp\AddOn\fea27878bd6a487890f0ccbfbd45f113\resource_pack_EP_JXK_0_add\textures\models\parts\foregrip\add_foregrip_j_color_mask.png,textures/models/parts/foregrip/add_foregrip_j_color_mask,8,8,60,0,0,60,4,254
D:\MCStudioDownload\work\m15962993069@163.com\Cpp\AddOn\fea27878bd6a487890f0ccbfbd45f113\resource_pack_EP_JXK_0_add\textures\models\parts\foregrip\add_foregrip_k_color_mask.png,textures/models/parts/foregrip/add_foregrip_k_color_mask,20,10,179,0,0,179,1,252
D:\MCStudioDownload\work\m15962993069@163.com\Cpp\AddOn\fea27878bd6a487890f0ccbfbd45f113\resource_pack_EP_JXK_0_add\textures\models\parts\foregrip\add_foregrip_l_color_mask.png,textures/models/parts/foregrip/add_foregrip_l_color_mask,8,12,90,0,0,90,3,244
D:\MCStudioDownload\work\m15962993069@163.com\Cpp\AddOn\fea27878bd6a487890f0ccbfbd45f113\resource_pack_EP_JXK_0_add\textures\models\parts\foregrip\add_foregrip_m_color_mask.png,textures/models/parts/foregrip/add_foregrip_m_color_mask,24,18,419,0,0,419,5,253
D:\MCStudioDownload\work\m15962993069@163.com\Cpp\AddOn\fea27878bd6a487890f0ccbfbd45f113\resource_pack_EP_JXK_0_add\textures\models\parts\foregrip\add_foregrip_n_color_mask.png,textures/models/parts/foregrip/add_foregrip_n_color_mask,8,12,85,0,0,85,3,250
D:\MCStudioDownload\work\m15962993069@163.com\Cpp\AddOn\fea27878bd6a487890f0ccbfbd45f113\resource_pack_EP_JXK_0_add\textures\models\parts\foregrip\add_foregrip_o_color_mask.png,textures/models/parts/foregrip/add_foregrip_o_color_mask,40,24,403,0,0,403,4,250
D:\MCStudioDownload\work\m15962993069@163.com\Cpp\AddOn\fea27878bd6a487890f0ccbfbd45f113\resource_pack_EP_JXK_0_add\textures\models\parts\foregrip\add_foregrip_p_color_mask.png,textures/models/parts/foregrip/add_foregrip_p_color_mask,6,10,45,0,0,45,8,247
D:\MCStudioDownload\work\m15962993069@163.com\Cpp\AddOn\fea27878bd6a487890f0ccbfbd45f113\resource_pack_EP_JXK_0_add\textures\models\parts\foregrip\add_foregrip_q_color_mask.png,textures/models/parts/foregrip/add_foregrip_q_color_mask,10,18,161,0,1,160,1,255
D:\MCStudioDownload\work\m15962993069@163.com\Cpp\AddOn\fea27878bd6a487890f0ccbfbd45f113\resource_pack_EP_JXK_0_add\textures\models\parts\foregrip\add_foregrip_r_color_mask.png,textures/models/parts/foregrip/add_foregrip_r_color_mask,64,32,115,0,0,115,11,254
D:\MCStudioDownload\work\m15962993069@163.com\Cpp\AddOn\fea27878bd6a487890f0ccbfbd45f113\resource_pack_EP_JXK_0_add\textures\models\parts\foregrip\add_foregrip_s_color_mask.png,textures/models/parts/foregrip/add_foregrip_s_color_mask,32,16,473,0,353,120,7,255
D:\MCStudioDownload\work\m15962993069@163.com\Cpp\AddOn\fea27878bd6a487890f0ccbfbd45f113\resource_pack_EP_JXK_0_add\textures\models\parts\foregrip\add_foregrip_t_color_mask.png,textures/models/parts/foregrip/add_foregrip_t_color_mask,38,20,259,0,0,259,4,254
D:\MCStudioDownload\work\m15962993069@163.com\Cpp\AddOn\fea27878bd6a487890f0ccbfbd45f113\resource_pack_EP_JXK_0\textures\models\parts\foregrip\foregrip_a_color_mask.png,textures/models/parts/foregrip/foregrip_a_color_mask,34,18,577,0,0,577,63,247
D:\MCStudioDownload\work\m15962993069@163.com\Cpp\AddOn\fea27878bd6a487890f0ccbfbd45f113\resource_pack_EP_JXK_0\textures\models\parts\foregrip\foregrip_b_color_mask.png,textures/models/parts/foregrip/foregrip_b_color_mask,10,6,56,0,0,56,41,252
D:\MCStudioDownload\work\m15962993069@163.com\Cpp\AddOn\fea27878bd6a487890f0ccbfbd45f113\resource_pack_EP_JXK_0\textures\models\parts\foregrip\foregrip_c_color_mask.png,textures/models/parts/foregrip/foregrip_c_color_mask,16,22,340,0,0,340,68,253
D:\MCStudioDownload\work\m15962993069@163.com\Cpp\AddOn\fea27878bd6a487890f0ccbfbd45f113\resource_pack_EP_JXK_0\textures\models\parts\foregrip\foregrip_d_color_mask.png,textures/models/parts/foregrip/foregrip_d_color_mask,10,14,129,0,2,127,95,255
D:\MCStudioDownload\work\m15962993069@163.com\Cpp\AddOn\fea27878bd6a487890f0ccbfbd45f113\resource_pack_EP_JXK_0\textures\models\parts\foregrip\foregrip_f_color_mask.png,textures/models/parts/foregrip/foregrip_f_color_mask,6,6,30,0,0,30,53,249
D:\MCStudioDownload\work\m15962993069@163.com\Cpp\AddOn\fea27878bd6a487890f0ccbfbd45f113\resource_pack_EP_JXK_0\textures\models\parts\foregrip\foregrip_g_color_mask.png,textures/models/parts/foregrip/foregrip_g_color_mask,20,20,394,0,0,394,67,253
D:\MCStudioDownload\work\m15962993069@163.com\Cpp\AddOn\fea27878bd6a487890f0ccbfbd45f113\resource_pack_EP_JXK_0\textures\models\parts\foregrip\foregrip_h_color_mask.png,textures/models/parts/foregrip/foregrip_h_color_mask,8,14,111,0,2,109,81,255
D:\MCStudioDownload\work\m15962993069@163.com\Cpp\AddOn\fea27878bd6a487890f0ccbfbd45f113\resource_pack_EP_JXK_0\textures\models\parts\foregrip\foregrip_i_color_mask.png,textures/models/parts/foregrip/foregrip_i_color_mask,28,44,1225,0,8,1217,67,255
D:\MCStudioDownload\work\m15962993069@163.com\Cpp\AddOn\fea27878bd6a487890f0ccbfbd45f113\resource_pack_EP_JXK_0\textures\models\parts\foregrip\foregrip_j_color_mask.png,textures/models/parts/foregrip/foregrip_j_color_mask,22,26,569,0,0,569,60,244
D:\MCStudioDownload\work\m15962993069@163.com\Cpp\AddOn\fea27878bd6a487890f0ccbfbd45f113\resource_pack_EP_JXK_0_add\textures\models\parts\gunstock\add_gunstock_a_color_mask.png,textures/models/parts/gunstock/add_gunstock_a_color_mask,64,32,883,0,0,883,4,254
D:\MCStudioDownload\work\m15962993069@163.com\Cpp\AddOn\fea27878bd6a487890f0ccbfbd45f113\resource_pack_EP_JXK_0_add\textures\models\parts\gunstock\add_gunstock_b_color_mask.png,textures/models/parts/gunstock/add_gunstock_b_color_mask,36,24,826,0,0,826,4,254
D:\MCStudioDownload\work\m15962993069@163.com\Cpp\AddOn\fea27878bd6a487890f0ccbfbd45f113\resource_pack_EP_JXK_0_add\textures\models\parts\gunstock\add_gunstock_c_color_mask.png,textures/models/parts/gunstock/add_gunstock_c_color_mask,50,28,722,0,0,722,2,250
D:\MCStudioDownload\work\m15962993069@163.com\Cpp\AddOn\fea27878bd6a487890f0ccbfbd45f113\resource_pack_EP_JXK_0_add\textures\models\parts\gunstock\add_gunstock_d_color_mask.png,textures/models/parts/gunstock/add_gunstock_d_color_mask,44,22,903,0,0,903,1,250
D:\MCStudioDownload\work\m15962993069@163.com\Cpp\AddOn\fea27878bd6a487890f0ccbfbd45f113\resource_pack_EP_JXK_0_add\textures\models\parts\gunstock\add_gunstock_e_color_mask.png,textures/models/parts/gunstock/add_gunstock_e_color_mask,18,36,311,0,0,311,3,253
D:\MCStudioDownload\work\m15962993069@163.com\Cpp\AddOn\fea27878bd6a487890f0ccbfbd45f113\resource_pack_EP_JXK_0_add\textures\models\parts\gunstock\add_gunstock_f_color_mask.png,textures/models/parts/gunstock/add_gunstock_f_color_mask,64,32,1225,0,36,1189,7,255
D:\MCStudioDownload\work\m15962993069@163.com\Cpp\AddOn\fea27878bd6a487890f0ccbfbd45f113\resource_pack_EP_JXK_0_add\textures\models\parts\gunstock\add_gunstock_g_color_mask.png,textures/models/parts/gunstock/add_gunstock_g_color_mask,32,20,639,0,0,639,5,250
D:\MCStudioDownload\work\m15962993069@163.com\Cpp\AddOn\fea27878bd6a487890f0ccbfbd45f113\resource_pack_EP_JXK_0_add\textures\models\parts\gunstock\add_gunstock_h_color_mask.png,textures/models/parts/gunstock/add_gunstock_h_color_mask,38,34,839,0,0,839,2,251
D:\MCStudioDownload\work\m15962993069@163.com\Cpp\AddOn\fea27878bd6a487890f0ccbfbd45f113\resource_pack_EP_JXK_0_add\textures\models\parts\gunstock\add_gunstock_i_color_mask.png,textures/models/parts/gunstock/add_gunstock_i_color_mask,38,30,1108,0,0,1108,4,253
D:\MCStudioDownload\work\m15962993069@163.com\Cpp\AddOn\fea27878bd6a487890f0ccbfbd45f113\resource_pack_EP_JXK_0_add\textures\models\parts\gunstock\add_gunstock_j_color_mask.png,textures/models/parts/gunstock/add_gunstock_j_color_mask,46,26,1144,0,0,1144,1,252
D:\MCStudioDownload\work\m15962993069@163.com\Cpp\AddOn\fea27878bd6a487890f0ccbfbd45f113\resource_pack_EP_JXK_0_add\textures\models\parts\gunstock\add_gunstock_k_color_mask.png,textures/models/parts/gunstock/add_gunstock_k_color_mask,56,28,1486,0,477,1009,4,255
D:\MCStudioDownload\work\m15962993069@163.com\Cpp\AddOn\fea27878bd6a487890f0ccbfbd45f113\resource_pack_EP_JXK_0_add\textures\models\parts\gunstock\add_gunstock_l_color_mask.png,textures/models/parts/gunstock/add_gunstock_l_color_mask,66,38,1920,0,924,996,7,255
D:\MCStudioDownload\work\m15962993069@163.com\Cpp\AddOn\fea27878bd6a487890f0ccbfbd45f113\resource_pack_EP_JXK_0_add\textures\models\parts\gunstock\add_gunstock_m_color_mask.png,textures/models/parts/gunstock/add_gunstock_m_color_mask,56,28,1024,0,0,1024,6,254
D:\MCStudioDownload\work\m15962993069@163.com\Cpp\AddOn\fea27878bd6a487890f0ccbfbd45f113\resource_pack_EP_JXK_0_add\textures\models\parts\gunstock\add_gunstock_n_color_mask.png,textures/models/parts/gunstock/add_gunstock_n_color_mask,76,38,1268,0,526,742,1,255
D:\MCStudioDownload\work\m15962993069@163.com\Cpp\AddOn\fea27878bd6a487890f0ccbfbd45f113\resource_pack_EP_JXK_0_add\textures\models\parts\gunstock\add_gunstock_o_color_mask.png,textures/models/parts/gunstock/add_gunstock_o_color_mask,34,22,743,0,0,743,8,254
D:\MCStudioDownload\work\m15962993069@163.com\Cpp\AddOn\fea27878bd6a487890f0ccbfbd45f113\resource_pack_EP_JXK_0_add\textures\models\parts\gunstock\add_gunstock_p_color_mask.png,textures/models/parts/gunstock/add_gunstock_p_color_mask,58,30,759,0,0,759,2,254
D:\MCStudioDownload\work\m15962993069@163.com\Cpp\AddOn\fea27878bd6a487890f0ccbfbd45f113\resource_pack_EP_JXK_0\textures\models\parts\gunstock\gunstock_a_color_mask.png,textures/models/parts/gunstock/gunstock_a_color_mask,16,12,180,0,0,180,29,238
D:\MCStudioDownload\work\m15962993069@163.com\Cpp\AddOn\fea27878bd6a487890f0ccbfbd45f113\resource_pack_EP_JXK_0\textures\models\parts\gunstock\gunstock_b_color_mask.png,textures/models/parts/gunstock/gunstock_b_color_mask,16,12,184,0,0,184,32,241
D:\MCStudioDownload\work\m15962993069@163.com\Cpp\AddOn\fea27878bd6a487890f0ccbfbd45f113\resource_pack_EP_JXK_0\textures\models\parts\gunstock\gunstock_c_color_mask.png,textures/models/parts/gunstock/gunstock_c_color_mask,26,14,316,0,0,316,51,252
D:\MCStudioDownload\work\m15962993069@163.com\Cpp\AddOn\fea27878bd6a487890f0ccbfbd45f113\resource_pack_EP_JXK_0\textures\models\parts\gunstock\gunstock_d_color_mask.png,textures/models/parts/gunstock/gunstock_d_color_mask,24,18,406,0,0,406,20,251
D:\MCStudioDownload\work\m15962993069@163.com\Cpp\AddOn\fea27878bd6a487890f0ccbfbd45f113\resource_pack_EP_JXK_0\textures\models\parts\gunstock\gunstock_e_color_mask.png,textures/models/parts/gunstock/gunstock_e_color_mask,20,14,276,0,4,272,55,255
D:\MCStudioDownload\work\m15962993069@163.com\Cpp\AddOn\fea27878bd6a487890f0ccbfbd45f113\resource_pack_EP_JXK_0\textures\models\parts\gunstock\gunstock_f_color_mask.png,textures/models/parts/gunstock/gunstock_f_color_mask,44,24,1013,0,9,1004,39,255
D:\MCStudioDownload\work\m15962993069@163.com\Cpp\AddOn\fea27878bd6a487890f0ccbfbd45f113\resource_pack_EP_JXK_0\textures\models\parts\gunstock\gunstock_g_color_mask.png,textures/models/parts/gunstock/gunstock_g_color_mask,22,12,256,0,0,256,18,252
D:\MCStudioDownload\work\m15962993069@163.com\Cpp\AddOn\fea27878bd6a487890f0ccbfbd45f113\resource_pack_EP_JXK_0\textures\models\parts\gunstock\gunstock_h_color_mask.png,textures/models/parts/gunstock/gunstock_h_color_mask,24,16,371,0,0,371,12,236
D:\MCStudioDownload\work\m15962993069@163.com\Cpp\AddOn\fea27878bd6a487890f0ccbfbd45f113\resource_pack_EP_JXK_0\textures\models\parts\gunstock\gunstock_i_color_mask.png,textures/models/parts/gunstock/gunstock_i_color_mask,60,44,2625,0,0,2625,35,249
D:\MCStudioDownload\work\m15962993069@163.com\Cpp\AddOn\fea27878bd6a487890f0ccbfbd45f113\resource_pack_EP_JXK_0\textures\models\parts\gunstock\gunstock_j_color_mask.png,textures/models/parts/gunstock/gunstock_j_color_mask,10,14,129,0,0,129,25,252
D:\MCStudioDownload\work\m15962993069@163.com\Cpp\AddOn\fea27878bd6a487890f0ccbfbd45f113\resource_pack_EP_JXK_0\textures\models\parts\magazine_tao\magazine_tao_color_mask.png,textures/models/parts/magazine_tao/magazine_tao_color_mask,14,8,106,0,1,105,44,255
D:\MCStudioDownload\work\m15962993069@163.com\Cpp\AddOn\fea27878bd6a487890f0ccbfbd45f113\resource_pack_EP_JXK_0\textures\models\parts\muzzle\muzzle_a_color_mask.png,textures/models/parts/muzzle/muzzle_a_color_mask,18,20,313,0,0,313,16,251
D:\MCStudioDownload\work\m15962993069@163.com\Cpp\AddOn\fea27878bd6a487890f0ccbfbd45f113\resource_pack_EP_JXK_0\textures\models\parts\muzzle\muzzle_b_color_mask.png,textures/models/parts/muzzle/muzzle_b_color_mask,20,12,212,0,71,141,78,255
D:\MCStudioDownload\work\m15962993069@163.com\Cpp\AddOn\fea27878bd6a487890f0ccbfbd45f113\resource_pack_EP_JXK_0\textures\models\parts\muzzle\muzzle_c_color_mask.png,textures/models/parts/muzzle/muzzle_c_color_mask,6,4,22,0,1,21,66,255
D:\MCStudioDownload\work\m15962993069@163.com\Cpp\AddOn\fea27878bd6a487890f0ccbfbd45f113\resource_pack_EP_JXK_0\textures\models\parts\muzzle\muzzle_d_color_mask.png,textures/models/parts/muzzle/muzzle_d_color_mask,12,6,40,0,28,12,84,255
D:\MCStudioDownload\work\m15962993069@163.com\Cpp\AddOn\fea27878bd6a487890f0ccbfbd45f113\resource_pack_EP_JXK_0\textures\models\parts\muzzle\muzzle_f_color_mask.png,textures/models/parts/muzzle/muzzle_f_color_mask,4,10,32,0,0,32,23,251
D:\MCStudioDownload\work\m15962993069@163.com\Cpp\AddOn\fea27878bd6a487890f0ccbfbd45f113\resource_pack_EP_JXK_0_add\textures\models\parts\muzzle\parts_muzzle_1a_color_mask.png,textures/models/parts/muzzle/parts_muzzle_1a_color_mask,6,10,53,0,1,52,6,255
D:\MCStudioDownload\work\m15962993069@163.com\Cpp\AddOn\fea27878bd6a487890f0ccbfbd45f113\resource_pack_EP_JXK_0_add\textures\models\parts\muzzle\parts_muzzle_1b_color_mask.png,textures/models/parts/muzzle/parts_muzzle_1b_color_mask,4,8,28,2,0,26,0,253
D:\MCStudioDownload\work\m15962993069@163.com\Cpp\AddOn\fea27878bd6a487890f0ccbfbd45f113\resource_pack_EP_JXK_0_add\textures\models\parts\muzzle\parts_muzzle_1c_color_mask.png,textures/models/parts/muzzle/parts_muzzle_1c_color_mask,6,10,45,0,1,44,12,255
D:\MCStudioDownload\work\m15962993069@163.com\Cpp\AddOn\fea27878bd6a487890f0ccbfbd45f113\resource_pack_EP_JXK_0_add\textures\models\parts\muzzle\parts_muzzle_1d_color_mask.png,textures/models/parts/muzzle/parts_muzzle_1d_color_mask,4,10,32,0,0,32,9,253
D:\MCStudioDownload\work\m15962993069@163.com\Cpp\AddOn\fea27878bd6a487890f0ccbfbd45f113\resource_pack_EP_JXK_0_add\textures\models\parts\muzzle\parts_muzzle_1e_color_mask.png,textures/models/parts/muzzle/parts_muzzle_1e_color_mask,6,10,48,0,1,47,12,255
D:\MCStudioDownload\work\m15962993069@163.com\Cpp\AddOn\fea27878bd6a487890f0ccbfbd45f113\resource_pack_EP_JXK_0_add\textures\models\parts\muzzle\parts_muzzle_1f_color_mask.png,textures/models/parts/muzzle/parts_muzzle_1f_color_mask,8,8,61,0,0,61,7,254
D:\MCStudioDownload\work\m15962993069@163.com\Cpp\AddOn\fea27878bd6a487890f0ccbfbd45f113\resource_pack_EP_JXK_0_add\textures\models\parts\muzzle\parts_muzzle_1g_color_mask.png,textures/models/parts/muzzle/parts_muzzle_1g_color_mask,6,8,46,0,2,44,3,255
D:\MCStudioDownload\work\m15962993069@163.com\Cpp\AddOn\fea27878bd6a487890f0ccbfbd45f113\resource_pack_EP_JXK_0_add\textures\models\parts\muzzle\parts_muzzle_1h_color_mask.png,textures/models/parts/muzzle/parts_muzzle_1h_color_mask,4,10,32,0,0,32,11,254
D:\MCStudioDownload\work\m15962993069@163.com\Cpp\AddOn\fea27878bd6a487890f0ccbfbd45f113\resource_pack_EP_JXK_0_add\textures\models\parts\muzzle\parts_muzzle_1i_color_mask.png,textures/models/parts/muzzle/parts_muzzle_1i_color_mask,4,8,23,0,0,23,4,254
D:\MCStudioDownload\work\m15962993069@163.com\Cpp\AddOn\fea27878bd6a487890f0ccbfbd45f113\resource_pack_EP_JXK_0_add\textures\models\parts\muzzle\parts_muzzle_1j_color_mask.png,textures/models/parts/muzzle/parts_muzzle_1j_color_mask,6,8,37,0,1,36,10,255
D:\MCStudioDownload\work\m15962993069@163.com\Cpp\AddOn\fea27878bd6a487890f0ccbfbd45f113\resource_pack_EP_JXK_0_add\textures\models\parts\muzzle\parts_muzzle_1k_color_mask.png,textures/models/parts/muzzle/parts_muzzle_1k_color_mask,6,8,47,0,2,45,9,255
D:\MCStudioDownload\work\m15962993069@163.com\Cpp\AddOn\fea27878bd6a487890f0ccbfbd45f113\resource_pack_EP_JXK_0_add\textures\models\parts\muzzle\parts_muzzle_1l_color_mask.png,textures/models/parts/muzzle/parts_muzzle_1l_color_mask,6,8,40,0,1,39,7,255
D:\MCStudioDownload\work\m15962993069@163.com\Cpp\AddOn\fea27878bd6a487890f0ccbfbd45f113\resource_pack_EP_JXK_0_add\textures\models\parts\muzzle\parts_muzzle_1m_color_mask.png,textures/models/parts/muzzle/parts_muzzle_1m_color_mask,4,8,25,0,1,24,8,255
D:\MCStudioDownload\work\m15962993069@163.com\Cpp\AddOn\fea27878bd6a487890f0ccbfbd45f113\resource_pack_EP_JXK_0_add\textures\models\parts\muzzle\parts_muzzle_1n_color_mask.png,textures/models/parts/muzzle/parts_muzzle_1n_color_mask,4,8,29,0,1,28,8,255
D:\MCStudioDownload\work\m15962993069@163.com\Cpp\AddOn\fea27878bd6a487890f0ccbfbd45f113\resource_pack_EP_JXK_0\textures\models\parts\rack\rack_a_color_mask.png,textures/models/parts/rack/rack_a_color_mask,10,16,153,0,4,149,101,255
D:\MCStudioDownload\work\m15962993069@163.com\Cpp\AddOn\fea27878bd6a487890f0ccbfbd45f113\resource_pack_EP_JXK_0\textures\models\parts\right_sight_add\right_sight_add_a_color_mask.png,textures/models/parts/right_sight_add/right_sight_add_a_color_mask,32,18,566,0,55,511,86,255
D:\MCStudioDownload\work\m15962993069@163.com\Cpp\AddOn\fea27878bd6a487890f0ccbfbd45f113\resource_pack_EP_JXK_0_add\textures\models\parts\slider\add_slider_1a_color_mask.png,textures/models/parts/slider/add_slider_1a_color_mask,10,12,106,0,1,105,166,255
D:\MCStudioDownload\work\m15962993069@163.com\Cpp\AddOn\fea27878bd6a487890f0ccbfbd45f113\resource_pack_EP_JXK_0_add\textures\models\parts\slider\add_slider_1b_color_mask.png,textures/models/parts/slider/add_slider_1b_color_mask,20,10,24,0,0,24,148,229
D:\MCStudioDownload\work\m15962993069@163.com\Cpp\AddOn\fea27878bd6a487890f0ccbfbd45f113\resource_pack_EP_JXK_0_add\textures\models\parts\slider\add_slider_1c_color_mask.png,textures/models/parts/slider/add_slider_1c_color_mask,22,12,91,0,0,91,210,252
D:\MCStudioDownload\work\m15962993069@163.com\Cpp\AddOn\fea27878bd6a487890f0ccbfbd45f113\resource_pack_EP_JXK_0_add\textures\models\parts\slider\add_slider_1d_color_mask.png,textures/models/parts/slider/add_slider_1d_color_mask,16,8,49,0,0,49,158,244
D:\MCStudioDownload\work\m15962993069@163.com\Cpp\AddOn\fea27878bd6a487890f0ccbfbd45f113\resource_pack_EP_JXK_0_add\textures\models\parts\slider\add_slider_1e_color_mask.png,textures/models/parts/slider/add_slider_1e_color_mask,8,12,92,0,1,91,186,255
D:\MCStudioDownload\work\m15962993069@163.com\Cpp\AddOn\fea27878bd6a487890f0ccbfbd45f113\resource_pack_EP_JXK_0_add\textures\models\parts\slider\add_slider_1f_color_mask.png,textures/models/parts/slider/add_slider_1f_color_mask,46,32,18,0,0,18,76,175
D:\MCStudioDownload\work\m15962993069@163.com\Cpp\AddOn\fea27878bd6a487890f0ccbfbd45f113\resource_pack_EP_JXK_0_add\textures\models\parts\slider\add_slider_1g_color_mask.png,textures/models/parts/slider/add_slider_1g_color_mask,120,60,507,0,4,503,143,255
D:\MCStudioDownload\work\m15962993069@163.com\Cpp\AddOn\fea27878bd6a487890f0ccbfbd45f113\resource_pack_EP_JXK_0_add\textures\models\parts\slider\add_slider_1h_color_mask.png,textures/models/parts/slider/add_slider_1h_color_mask,74,38,31,0,0,31,145,152
D:\MCStudioDownload\work\m15962993069@163.com\Cpp\AddOn\fea27878bd6a487890f0ccbfbd45f113\resource_pack_EP_JXK_0_add\textures\models\parts\slider\add_slider_1i_color_mask.png,textures/models/parts/slider/add_slider_1i_color_mask,36,28,273,0,4,269,148,255
D:\MCStudioDownload\work\m15962993069@163.com\Cpp\AddOn\fea27878bd6a487890f0ccbfbd45f113\resource_pack_EP_JXK_0_add\textures\models\parts\slider\add_slider_1j_color_mask.png,textures/models/parts/slider/add_slider_1j_color_mask,104,132,97,0,0,97,176,182
D:\MCStudioDownload\work\m15962993069@163.com\Cpp\AddOn\fea27878bd6a487890f0ccbfbd45f113\resource_pack_EP_JXK_0_add\textures\models\parts\slider\add_slider_1k_color_mask.png,textures/models/parts/slider/add_slider_1k_color_mask,98,66,10,0,0,10,145,147
D:\MCStudioDownload\work\m15962993069@163.com\Cpp\AddOn\fea27878bd6a487890f0ccbfbd45f113\resource_pack_EP_JXK_0_add\textures\models\parts\slider\add_slider_1l_color_mask.png,textures/models/parts/slider/add_slider_1l_color_mask,36,30,89,0,1,88,120,255
D:\MCStudioDownload\work\m15962993069@163.com\Cpp\AddOn\fea27878bd6a487890f0ccbfbd45f113\resource_pack_EP_JXK_0_add\textures\models\parts\slider\add_slider_1m_color_mask.png,textures/models/parts/slider/add_slider_1m_color_mask,44,22,100,0,1,99,145,255
D:\MCStudioDownload\work\m15962993069@163.com\Cpp\AddOn\fea27878bd6a487890f0ccbfbd45f113\resource_pack_EP_JXK_0\textures\models\parts\slider\slider_a1_color_mask.png,textures/models/parts/slider/slider_a1_color_mask,26,18,464,0,0,464,24,253
D:\MCStudioDownload\work\m15962993069@163.com\Cpp\AddOn\fea27878bd6a487890f0ccbfbd45f113\resource_pack_EP_JXK_0\textures\models\parts\slider\slider_a2_color_mask.png,textures/models/parts/slider/slider_a2_color_mask,26,18,464,0,0,464,11,253
D:\MCStudioDownload\work\m15962993069@163.com\Cpp\AddOn\fea27878bd6a487890f0ccbfbd45f113\resource_pack_EP_JXK_0\textures\models\parts\slider\slider_a3_color_mask.png,textures/models/parts/slider/slider_a3_color_mask,26,18,464,0,0,464,40,249
D:\MCStudioDownload\work\m15962993069@163.com\Cpp\AddOn\fea27878bd6a487890f0ccbfbd45f113\resource_pack_EP_JXK_0\textures\models\parts\slider\slider_a4_color_mask.png,textures/models/parts/slider/slider_a4_color_mask,26,18,464,0,2,462,24,255
D:\MCStudioDownload\work\m15962993069@163.com\Cpp\AddOn\fea27878bd6a487890f0ccbfbd45f113\resource_pack_EP_JXK_0\textures\models\parts\slider\slider_b_color_mask.png,textures/models/parts/slider/slider_b_color_mask,12,6,65,0,1,64,22,255
D:\MCStudioDownload\work\m15962993069@163.com\Cpp\AddOn\fea27878bd6a487890f0ccbfbd45f113\resource_pack_EP_JXK_0\textures\models\parts\slider\slider_c_color_mask.png,textures/models/parts/slider/slider_c_color_mask,12,6,53,0,4,49,78,255
D:\MCStudioDownload\work\m15962993069@163.com\Cpp\AddOn\fea27878bd6a487890f0ccbfbd45f113\resource_pack_EP_JXK_0\textures\models\parts\slider\slider_d_color_mask.png,textures/models/parts/slider/slider_d_color_mask,14,8,61,0,10,51,89,255
D:\MCStudioDownload\work\m15962993069@163.com\Cpp\AddOn\fea27878bd6a487890f0ccbfbd45f113\resource_pack_EP_JXK_0\textures\models\parts\slider\slider_e_color_mask.png,textures/models/parts/slider/slider_e_color_mask,16,8,57,0,1,56,49,255
D:\MCStudioDownload\work\m15962993069@163.com\Cpp\AddOn\fea27878bd6a487890f0ccbfbd45f113\resource_pack_EP_JXK_0\textures\models\parts\slider\slider_f_color_mask.png,textures/models/parts/slider/slider_f_color_mask,8,4,26,0,6,20,104,255
D:\MCStudioDownload\work\m15962993069@163.com\Cpp\AddOn\fea27878bd6a487890f0ccbfbd45f113\resource_pack_EP_JXK_0\textures\models\parts\slider\slider_g_color_mask.png,textures/models/parts/slider/slider_g_color_mask,18,14,216,0,18,198,53,255
D:\MCStudioDownload\work\m15962993069@163.com\Cpp\AddOn\fea27878bd6a487890f0ccbfbd45f113\resource_pack_EP_JXK_0\textures\models\parts\up_sight\up_sight_a_color_mask.png,textures/models/parts/up_sight/up_sight_a_color_mask,30,20,592,0,0,592,13,254
D:\MCStudioDownload\work\m15962993069@163.com\Cpp\AddOn\fea27878bd6a487890f0ccbfbd45f113\resource_pack_EP_JXK_0\textures\models\parts\up_sight\up_sight_b_color_mask.png,textures/models/parts/up_sight/up_sight_b_color_mask,10,16,82,0,2,80,3,255
D:\MCStudioDownload\work\m15962993069@163.com\Cpp\AddOn\fea27878bd6a487890f0ccbfbd45f113\resource_pack_EP_JXK_0\textures\models\parts\up_sight\up_sight_c_color_mask.png,textures/models/parts/up_sight/up_sight_c_color_mask,44,32,1009,0,3,1006,25,255
D:\MCStudioDownload\work\m15962993069@163.com\Cpp\AddOn\fea27878bd6a487890f0ccbfbd45f113\resource_pack_EP_JXK_0\textures\models\parts\up_sight\up_sight_d_color_mask.png,textures/models/parts/up_sight/up_sight_d_color_mask,8,12,85,0,11,74,17,255
D:\MCStudioDownload\work\m15962993069@163.com\Cpp\AddOn\fea27878bd6a487890f0ccbfbd45f113\resource_pack_EP_JXK_0\textures\models\parts\up_sight\up_sight_e_color_mask.png,textures/models/parts/up_sight/up_sight_e_color_mask,28,14,261,0,94,167,136,255
D:\MCStudioDownload\work\m15962993069@163.com\Cpp\AddOn\fea27878bd6a487890f0ccbfbd45f113\resource_pack_EP_JXK_0\textures\models\parts\up_sight\up_sight_f_color_mask.png,textures/models/parts/up_sight/up_sight_f_color_mask,30,20,598,0,2,596,9,255
D:\MCStudioDownload\work\m15962993069@163.com\Cpp\AddOn\fea27878bd6a487890f0ccbfbd45f113\resource_pack_EP_JXK_0\textures\models\parts\up_sight\up_sight_g_color_mask.png,textures/models/parts/up_sight/up_sight_g_color_mask,10,16,114,0,0,114,16,252
D:\MCStudioDownload\work\m15962993069@163.com\Cpp\AddOn\fea27878bd6a487890f0ccbfbd45f113\resource_pack_EP_JXK_0\textures\models\parts\up_sight\up_sight_h_color_mask.png,textures/models/parts/up_sight/up_sight_h_color_mask,8,10,72,0,49,23,96,255
D:\MCStudioDownload\work\m15962993069@163.com\Cpp\AddOn\fea27878bd6a487890f0ccbfbd45f113\resource_pack_EP_JXK_0\textures\models\parts\up_sight\up_sight_i_color_mask.png,textures/models/parts/up_sight/up_sight_i_color_mask,6,8,41,0,6,35,16,255
D:\MCStudioDownload\work\m15962993069@163.com\Cpp\AddOn\fea27878bd6a487890f0ccbfbd45f113\resource_pack_EP_JXK_0\textures\models\parts\up_sight\up_sight_j_color_mask.png,textures/models/parts/up_sight/up_sight_j_color_mask,8,14,99,0,1,98,77,255
D:\MCStudioDownload\work\m15962993069@163.com\Cpp\AddOn\fea27878bd6a487890f0ccbfbd45f113\resource_pack_EP_JXK_0\textures\models\parts\up_sight\up_sight_k_color_mask.png,textures/models/parts/up_sight/up_sight_k_color_mask,8,12,80,0,0,80,24,252
D:\MCStudioDownload\work\m15962993069@163.com\Cpp\AddOn\fea27878bd6a487890f0ccbfbd45f113\resource_pack_EP_JXK_0\textures\models\parts\up_sight\up_sight_l_color_mask.png,textures/models/parts/up_sight/up_sight_l_color_mask,24,42,997,0,0,997,10,254
D:\MCStudioDownload\work\m15962993069@163.com\Cpp\AddOn\fea27878bd6a487890f0ccbfbd45f113\resource_pack_EP_JXK_0\textures\models\parts\up_sight\up_sight_m_color_mask.png,textures/models/parts/up_sight/up_sight_m_color_mask,52,26,72,0,0,72,9,252
D:\MCStudioDownload\work\m15962993069@163.com\Cpp\AddOn\fea27878bd6a487890f0ccbfbd45f113\resource_pack_EP_JXK_0\textures\models\parts\up_sight\up_sight_n_color_mask.png,textures/models/parts/up_sight/up_sight_n_color_mask,46,26,996,0,0,996,8,252
D:\MCStudioDownload\work\m15962993069@163.com\Cpp\AddOn\fea27878bd6a487890f0ccbfbd45f113\resource_pack_EP_JXK_0\textures\models\parts\up_sight\up_sight_o_color_mask.png,textures/models/parts/up_sight/up_sight_o_color_mask,112,56,622,0,0,622,8,249
D:\MCStudioDownload\work\m15962993069@163.com\Cpp\AddOn\fea27878bd6a487890f0ccbfbd45f113\resource_pack_EP_JXK_0\textures\models\parts\up_sight\up_sight_p_color_mask.png,textures/models/parts/up_sight/up_sight_p_color_mask,32,22,445,0,5,440,8,255
D:\MCStudioDownload\work\m15962993069@163.com\Cpp\AddOn\fea27878bd6a487890f0ccbfbd45f113\resource_pack_EP_JXK_0\textures\models\parts\up_sight\up_sight_q_color_mask.png,textures/models/parts/up_sight/up_sight_q_color_mask,8,12,86,0,1,85,3,255
D:\MCStudioDownload\work\m15962993069@163.com\Cpp\AddOn\0d09f0c5ce3c4778be216e9fda681ea0\resource_pack_EP_JXK_Gun_2\textures\models\pkp_color_mask.png,textures/models/pkp_color_mask,140,260,36336,0,7,36329,27,255
D:\MCStudioDownload\work\m15962993069@163.com\Cpp\AddOn\0d09f0c5ce3c4778be216e9fda681ea0\resource_pack_EP_JXK_Gun_2\textures\models\pp19_color_mask.png,textures/models/pp19_color_mask,210,158,22486,0,0,22486,17,253
D:\MCStudioDownload\work\m15962993069@163.com\Cpp\AddOn\0d09f0c5ce3c4778be216e9fda681ea0\resource_pack_EP_JXK_Gun_2\textures\models\qbz191.png,textures/models/qbz191,512,512,0,0,0,0,,
D:\MCStudioDownload\work\m15962993069@163.com\Cpp\AddOn\0d09f0c5ce3c4778be216e9fda681ea0\resource_pack_EP_JXK_Gun_2\textures\models\qbz951_color_mask.png,textures/models/qbz951_color_mask,222,130,5680,0,1,5679,8,255
D:\MCStudioDownload\work\m15962993069@163.com\Cpp\AddOn\0d09f0c5ce3c4778be216e9fda681ea0\resource_pack_EP_JXK_Gun_2\textures\models\qcq171_color_mask.png,textures/models/qcq171_color_mask,88,170,14827,0,0,14827,2,254
D:\MCStudioDownload\work\m15962993069@163.com\Cpp\AddOn\5f8c9b1478e241ac94031b1b02df08e3\resource_pack_EP_JXK_Gun_1\textures\models\raal_color_mask.png,textures/models/raal_color_mask,218,180,5047,0,4,5043,6,255
D:\MCStudioDownload\work\m15962993069@163.com\Cpp\AddOn\5f8c9b1478e241ac94031b1b02df08e3\resource_pack_EP_JXK_Gun_1\textures\models\renetti_color_mask.png,textures/models/renetti_color_mask,56,104,5811,0,0,5811,14,254
D:\MCStudioDownload\work\m15962993069@163.com\Cpp\AddOn\0d09f0c5ce3c4778be216e9fda681ea0\resource_pack_EP_JXK_Gun_2\textures\models\rm277_color_mask.png,textures/models/rm277_color_mask,234,118,6393,0,3,6390,13,255
D:\MCStudioDownload\work\m15962993069@163.com\Cpp\AddOn\0d09f0c5ce3c4778be216e9fda681ea0\resource_pack_EP_JXK_Gun_2\textures\models\saddam_golden_ak_color_mask.png,textures/models/saddam_golden_ak_color_mask,190,108,6413,0,1,6412,3,255
D:\MCStudioDownload\work\m15962993069@163.com\Cpp\AddOn\ead4fc560a4e45c1bdd0d88ef9710061\resource_pack_EP_JXK_9\textures\models\sks_color_mask.png,textures/models/sks_color_mask,96,120,10299,0,50,10249,7,255
D:\MCStudioDownload\work\m15962993069@163.com\Cpp\AddOn\ead4fc560a4e45c1bdd0d88ef9710061\resource_pack_EP_JXK_9\textures\models\smle_mk3_color_mask.png,textures/models/smle_mk3_color_mask,150,130,18638,0,38,18600,21,255
D:\MCStudioDownload\work\m15962993069@163.com\Cpp\AddOn\5f8c9b1478e241ac94031b1b02df08e3\resource_pack_EP_JXK_Gun_1\textures\models\so14_color_mask.png,textures/models/so14_color_mask,182,112,1983,0,1,1982,6,255
D:\MCStudioDownload\work\m15962993069@163.com\Cpp\AddOn\0d09f0c5ce3c4778be216e9fda681ea0\resource_pack_EP_JXK_Gun_2\textures\models\spas12_color_mask.png,textures/models/spas12_color_mask,188,132,10541,0,498,10043,12,255
D:\MCStudioDownload\work\m15962993069@163.com\Cpp\AddOn\5f8c9b1478e241ac94031b1b02df08e3\resource_pack_EP_JXK_Gun_1\textures\models\squall_color_mask.png,textures/models/squall_color_mask,512,512,15691,0,15691,0,255,255
D:\MCStudioDownload\work\m15962993069@163.com\Cpp\AddOn\5f8c9b1478e241ac94031b1b02df08e3\resource_pack_EP_JXK_Gun_1\textures\models\static_hv_color_mask.png,textures/models/static_hv_color_mask,212,106,2185,0,1,2184,5,255
D:\MCStudioDownload\work\m15962993069@163.com\Cpp\AddOn\59cc2f296e854a9d8fe027ff0bb9f9c4\resource_pack_EP_JXK_Gun_8\textures\models\sturmwolf45_color_mask.png,textures/models/sturmwolf45_color_mask,58,34,1947,0,14,1933,3,255
D:\MCStudioDownload\work\m15962993069@163.com\Cpp\AddOn\5f8c9b1478e241ac94031b1b02df08e3\resource_pack_EP_JXK_Gun_1\textures\models\superi46_color_mask.png,textures/models/superi46_color_mask,210,106,2546,0,720,1826,9,255
D:\MCStudioDownload\work\m15962993069@163.com\Cpp\AddOn\5f8c9b1478e241ac94031b1b02df08e3\resource_pack_EP_JXK_Gun_1\textures\models\sva545_color_mask.png,textures/models/sva545_color_mask,256,256,13825,0,13825,0,255,255
D:\MCStudioDownload\work\m15962993069@163.com\Cpp\AddOn\0d09f0c5ce3c4778be216e9fda681ea0\resource_pack_EP_JXK_Gun_2\textures\models\svd_color_mask.png,textures/models/svd_color_mask,170,152,9471,0,1,9470,21,255
D:\MCStudioDownload\work\m15962993069@163.com\Cpp\AddOn\0d09f0c5ce3c4778be216e9fda681ea0\resource_pack_EP_JXK_Gun_2\textures\models\sw_686_color_mask.png,textures/models/sw_686_color_mask,42,64,2681,0,13,2668,21,255
D:\MCStudioDownload\work\m15962993069@163.com\Cpp\AddOn\ead4fc560a4e45c1bdd0d88ef9710061\resource_pack_EP_JXK_9\textures\models\sw_mk2_41_color_mask.png,textures/models/sw_mk2_41_color_mask,136,118,15770,0,15769,1,25,255
D:\MCStudioDownload\work\m15962993069@163.com\Cpp\AddOn\ead4fc560a4e45c1bdd0d88ef9710061\resource_pack_EP_JXK_9\textures\models\sw_mk2_color_mask.png,textures/models/sw_mk2_color_mask,134,116,15475,0,15475,0,255,255
D:\MCStudioDownload\work\m15962993069@163.com\Cpp\AddOn\0d09f0c5ce3c4778be216e9fda681ea0\resource_pack_EP_JXK_Gun_2\textures\models\tec9_color_mask.png,textures/models/tec9_color_mask,76,84,6232,0,0,6232,10,231
D:\MCStudioDownload\work\m15962993069@163.com\Cpp\AddOn\823d802adb2e42708a71ca4f863afe35\resource_pack_EP_JXK_Gun_3\textures\models\tris_cms92_color_mask.png,textures/models/tris_cms92_color_mask,340,258,17159,0,15362,1797,10,255
D:\MCStudioDownload\work\m15962993069@163.com\Cpp\AddOn\823d802adb2e42708a71ca4f863afe35\resource_pack_EP_JXK_Gun_3\textures\models\tris_fl3e_color_mask.png,textures/models/tris_fl3e_color_mask,176,344,16093,0,15358,735,32,255
D:\MCStudioDownload\work\m15962993069@163.com\Cpp\AddOn\0d09f0c5ce3c4778be216e9fda681ea0\resource_pack_EP_JXK_Gun_2\textures\models\tti2011_color_mask.png,textures/models/tti2011_color_mask,126,164,7885,0,40,7845,3,255
D:\MCStudioDownload\work\m15962993069@163.com\Cpp\AddOn\22f5988bacfd44b4a5306ffeff1abba9\resource_pack_EP_JXK_7\textures\models\twx_b3_color_mask.png,textures/models/twx_b3_color_mask,50,40,1529,0,14,1515,34,255
D:\MCStudioDownload\work\m15962993069@163.com\Cpp\AddOn\22f5988bacfd44b4a5306ffeff1abba9\resource_pack_EP_JXK_7\textures\models\twx_car_color_mask.png,textures/models/twx_car_color_mask,30,38,942,0,9,933,39,255
D:\MCStudioDownload\work\m15962993069@163.com\Cpp\AddOn\22f5988bacfd44b4a5306ffeff1abba9\resource_pack_EP_JXK_7\textures\models\twx_cg_color_mask.png,textures/models/twx_cg_color_mask,38,26,983,0,17,966,52,255
D:\MCStudioDownload\work\m15962993069@163.com\Cpp\AddOn\22f5988bacfd44b4a5306ffeff1abba9\resource_pack_EP_JXK_7\textures\models\twx_cnbq_color_mask.png,textures/models/twx_cnbq_color_mask,256,256,14436,0,41,14395,97,255
D:\MCStudioDownload\work\m15962993069@163.com\Cpp\AddOn\22f5988bacfd44b4a5306ffeff1abba9\resource_pack_EP_JXK_7\textures\models\twx_dnc_color_mask.png,textures/models/twx_dnc_color_mask,32,60,786,0,10,776,39,255
D:\MCStudioDownload\work\m15962993069@163.com\Cpp\AddOn\22f5988bacfd44b4a5306ffeff1abba9\resource_pack_EP_JXK_7\textures\models\twx_eva8_color_mask.png,textures/models/twx_eva8_color_mask,256,256,744,0,744,0,255,255
D:\MCStudioDownload\work\m15962993069@163.com\Cpp\AddOn\22f5988bacfd44b4a5306ffeff1abba9\resource_pack_EP_JXK_7\textures\models\twx_g2_color_mask.png,textures/models/twx_g2_color_mask,26,40,892,0,28,864,53,255
D:\MCStudioDownload\work\m15962993069@163.com\Cpp\AddOn\22f5988bacfd44b4a5306ffeff1abba9\resource_pack_EP_JXK_7\textures\models\twx_hl_color_mask.png,textures/models/twx_hl_color_mask,28,32,741,0,3,738,65,255
D:\MCStudioDownload\work\m15962993069@163.com\Cpp\AddOn\22f5988bacfd44b4a5306ffeff1abba9\resource_pack_EP_JXK_7\textures\models\twx_kcb_color_mask.png,textures/models/twx_kcb_color_mask,36,48,1655,0,54,1601,51,255
D:\MCStudioDownload\work\m15962993069@163.com\Cpp\AddOn\22f5988bacfd44b4a5306ffeff1abba9\resource_pack_EP_JXK_7\textures\models\twx_lstar_color_mask.png,textures/models/twx_lstar_color_mask,256,256,14025,0,14025,0,255,255
D:\MCStudioDownload\work\m15962993069@163.com\Cpp\AddOn\22f5988bacfd44b4a5306ffeff1abba9\resource_pack_EP_JXK_7\textures\models\twx_nyp_color_mask.png,textures/models/twx_nyp_color_mask,28,36,875,0,7,868,64,255
D:\MCStudioDownload\work\m15962993069@163.com\Cpp\AddOn\22f5988bacfd44b4a5306ffeff1abba9\resource_pack_EP_JXK_7\textures\models\twx_parts\aim\twx_up_sight_a_color_mask.png,textures/models/twx_parts/aim/twx_up_sight_a_color_mask,32,32,657,0,37,620,21,255
D:\MCStudioDownload\work\m15962993069@163.com\Cpp\AddOn\22f5988bacfd44b4a5306ffeff1abba9\resource_pack_EP_JXK_7\textures\models\twx_parts\aim\twx_up_sight_b_color_mask.png,textures/models/twx_parts/aim/twx_up_sight_b_color_mask,64,64,1748,0,430,1318,34,255
D:\MCStudioDownload\work\m15962993069@163.com\Cpp\AddOn\22f5988bacfd44b4a5306ffeff1abba9\resource_pack_EP_JXK_7\textures\models\twx_parts\aim\twx_up_sight_c_color_mask.png,textures/models/twx_parts/aim/twx_up_sight_c_color_mask,64,64,584,0,27,557,15,255
D:\MCStudioDownload\work\m15962993069@163.com\Cpp\AddOn\22f5988bacfd44b4a5306ffeff1abba9\resource_pack_EP_JXK_7\textures\models\twx_parts\aim\twx_up_sight_d_color_mask.png,textures/models/twx_parts/aim/twx_up_sight_d_color_mask,32,32,619,0,7,612,40,255
D:\MCStudioDownload\work\m15962993069@163.com\Cpp\AddOn\22f5988bacfd44b4a5306ffeff1abba9\resource_pack_EP_JXK_7\textures\models\twx_parts\aim\twx_up_sight_e_color_mask.png,textures/models/twx_parts/aim/twx_up_sight_e_color_mask,32,32,435,0,1,434,39,255
D:\MCStudioDownload\work\m15962993069@163.com\Cpp\AddOn\22f5988bacfd44b4a5306ffeff1abba9\resource_pack_EP_JXK_7\textures\models\twx_parts\aim\twx_up_sight_f_color_mask.png,textures/models/twx_parts/aim/twx_up_sight_f_color_mask,64,64,1788,0,270,1518,44,255
D:\MCStudioDownload\work\m15962993069@163.com\Cpp\AddOn\22f5988bacfd44b4a5306ffeff1abba9\resource_pack_EP_JXK_7\textures\models\twx_parts\aim\twx_up_sight_g_color_mask.png,textures/models/twx_parts/aim/twx_up_sight_g_color_mask,64,64,1272,0,0,1272,46,253
D:\MCStudioDownload\work\m15962993069@163.com\Cpp\AddOn\22f5988bacfd44b4a5306ffeff1abba9\resource_pack_EP_JXK_7\textures\models\twx_parts\aim\twx_up_sight_h_color_mask.png,textures/models/twx_parts/aim/twx_up_sight_h_color_mask,64,64,2807,0,426,2381,53,255
D:\MCStudioDownload\work\m15962993069@163.com\Cpp\AddOn\22f5988bacfd44b4a5306ffeff1abba9\resource_pack_EP_JXK_7\textures\models\twx_parts\aim\twx_up_sight_i_color_mask.png,textures/models/twx_parts/aim/twx_up_sight_i_color_mask,64,64,1816,0,72,1744,43,255
D:\MCStudioDownload\work\m15962993069@163.com\Cpp\AddOn\22f5988bacfd44b4a5306ffeff1abba9\resource_pack_EP_JXK_7\textures\models\twx_parts\aim\twx_up_sight_j_color_mask.png,textures/models/twx_parts/aim/twx_up_sight_j_color_mask,64,64,1719,0,58,1661,16,255
D:\MCStudioDownload\work\m15962993069@163.com\Cpp\AddOn\22f5988bacfd44b4a5306ffeff1abba9\resource_pack_EP_JXK_7\textures\models\twx_parts\aim\twx_up_sight_k_color_mask.png,textures/models/twx_parts/aim/twx_up_sight_k_color_mask,64,64,1910,0,188,1722,54,255
D:\MCStudioDownload\work\m15962993069@163.com\Cpp\AddOn\22f5988bacfd44b4a5306ffeff1abba9\resource_pack_EP_JXK_7\textures\models\twx_parts\aim\twx_up_sight_l_color_mask.png,textures/models/twx_parts/aim/twx_up_sight_l_color_mask,64,64,3332,0,122,3210,40,255
D:\MCStudioDownload\work\m15962993069@163.com\Cpp\AddOn\22f5988bacfd44b4a5306ffeff1abba9\resource_pack_EP_JXK_7\textures\models\twx_parts\aim\twx_up_sight_m_color_mask.png,textures/models/twx_parts/aim/twx_up_sight_m_color_mask,64,64,2984,0,143,2841,62,255
D:\MCStudioDownload\work\m15962993069@163.com\Cpp\AddOn\22f5988bacfd44b4a5306ffeff1abba9\resource_pack_EP_JXK_7\textures\models\twx_parts\aim\twx_up_sight_n_color_mask.png,textures/models/twx_parts/aim/twx_up_sight_n_color_mask,64,64,2505,0,64,2441,23,255
D:\MCStudioDownload\work\m15962993069@163.com\Cpp\AddOn\22f5988bacfd44b4a5306ffeff1abba9\resource_pack_EP_JXK_7\textures\models\twx_parts\muzzle\twx_muzzle_a_color_mask.png,textures/models/twx_parts/muzzle/twx_muzzle_a_color_mask,32,32,648,0,0,648,44,218
D:\MCStudioDownload\work\m15962993069@163.com\Cpp\AddOn\22f5988bacfd44b4a5306ffeff1abba9\resource_pack_EP_JXK_7\textures\models\twx_parts\muzzle\twx_muzzle_b_color_mask.png,textures/models/twx_parts/muzzle/twx_muzzle_b_color_mask,32,32,376,0,0,376,58,190
D:\MCStudioDownload\work\m15962993069@163.com\Cpp\AddOn\22f5988bacfd44b4a5306ffeff1abba9\resource_pack_EP_JXK_7\textures\models\twx_parts\muzzle\twx_muzzle_c_color_mask.png,textures/models/twx_parts/muzzle/twx_muzzle_c_color_mask,32,32,238,0,0,238,27,205
D:\MCStudioDownload\work\m15962993069@163.com\Cpp\AddOn\22f5988bacfd44b4a5306ffeff1abba9\resource_pack_EP_JXK_7\textures\models\twx_parts\muzzle\twx_muzzle_d_color_mask.png,textures/models/twx_parts/muzzle/twx_muzzle_d_color_mask,16,16,250,0,0,250,59,211
D:\MCStudioDownload\work\m15962993069@163.com\Cpp\AddOn\22f5988bacfd44b4a5306ffeff1abba9\resource_pack_EP_JXK_7\textures\models\twx_parts\muzzle\twx_muzzle_e_color_mask.png,textures/models/twx_parts/muzzle/twx_muzzle_e_color_mask,32,32,376,0,0,376,56,217
D:\MCStudioDownload\work\m15962993069@163.com\Cpp\AddOn\22f5988bacfd44b4a5306ffeff1abba9\resource_pack_EP_JXK_7\textures\models\twx_parts\muzzle\twx_muzzle_f_color_mask.png,textures/models/twx_parts/muzzle/twx_muzzle_f_color_mask,16,16,170,0,0,170,50,203
D:\MCStudioDownload\work\m15962993069@163.com\Cpp\AddOn\22f5988bacfd44b4a5306ffeff1abba9\resource_pack_EP_JXK_7\textures\models\twx_parts\muzzle\twx_muzzle_g_color_mask.png,textures/models/twx_parts/muzzle/twx_muzzle_g_color_mask,16,16,190,0,0,190,75,201
D:\MCStudioDownload\work\m15962993069@163.com\Cpp\AddOn\22f5988bacfd44b4a5306ffeff1abba9\resource_pack_EP_JXK_7\textures\models\twx_parts\muzzle\twx_muzzle_h_color_mask.png,textures/models/twx_parts/muzzle/twx_muzzle_h_color_mask,32,32,330,0,0,330,52,179
D:\MCStudioDownload\work\m15962993069@163.com\Cpp\AddOn\22f5988bacfd44b4a5306ffeff1abba9\resource_pack_EP_JXK_7\textures\models\twx_parts\up_slider\up_slider_a_color_mask.png,textures/models/twx_parts/up_slider/up_slider_a_color_mask,32,32,450,0,6,444,68,255
D:\MCStudioDownload\work\m15962993069@163.com\Cpp\AddOn\22f5988bacfd44b4a5306ffeff1abba9\resource_pack_EP_JXK_7\textures\models\twx_parts\up_slider\up_slider_b_color_mask.png,textures/models/twx_parts/up_slider/up_slider_b_color_mask,64,64,1128,0,6,1122,41,255
D:\MCStudioDownload\work\m15962993069@163.com\Cpp\AddOn\22f5988bacfd44b4a5306ffeff1abba9\resource_pack_EP_JXK_7\textures\models\twx_phqjq_color_mask.png,textures/models/twx_phqjq_color_mask,256,256,14713,0,14713,0,255,255
D:\MCStudioDownload\work\m15962993069@163.com\Cpp\AddOn\22f5988bacfd44b4a5306ffeff1abba9\resource_pack_EP_JXK_7\textures\models\twx_pxbq_color_mask.png,textures/models/twx_pxbq_color_mask,26,34,696,0,2,694,95,255
D:\MCStudioDownload\work\m15962993069@163.com\Cpp\AddOn\22f5988bacfd44b4a5306ffeff1abba9\resource_pack_EP_JXK_7\textures\models\twx_r101_color_mask.png,textures/models/twx_r101_color_mask,42,22,744,0,3,741,57,255
D:\MCStudioDownload\work\m15962993069@163.com\Cpp\AddOn\22f5988bacfd44b4a5306ffeff1abba9\resource_pack_EP_JXK_7\textures\models\twx_r201_color_mask.png,textures/models/twx_r201_color_mask,22,40,698,0,5,693,49,255
D:\MCStudioDownload\work\m15962993069@163.com\Cpp\AddOn\22f5988bacfd44b4a5306ffeff1abba9\resource_pack_EP_JXK_7\textures\models\twx_r97_color_mask.png,textures/models/twx_r97_color_mask,54,30,767,0,9,758,61,255
D:\MCStudioDownload\work\m15962993069@163.com\Cpp\AddOn\22f5988bacfd44b4a5306ffeff1abba9\resource_pack_EP_JXK_7\textures\models\twx_re45_color_mask.png,textures/models/twx_re45_color_mask,128,128,5060,0,5060,0,255,255
D:\MCStudioDownload\work\m15962993069@163.com\Cpp\AddOn\22f5988bacfd44b4a5306ffeff1abba9\resource_pack_EP_JXK_7\textures\models\twx_sj_color_mask.png,textures/models/twx_sj_color_mask,40,38,1341,0,15,1326,70,255
D:\MCStudioDownload\work\m15962993069@163.com\Cpp\AddOn\22f5988bacfd44b4a5306ffeff1abba9\resource_pack_EP_JXK_7\textures\models\twx_ssfd_color_mask.png,textures/models/twx_ssfd_color_mask,256,256,17492,0,17492,0,255,255
D:\MCStudioDownload\work\m15962993069@163.com\Cpp\AddOn\22f5988bacfd44b4a5306ffeff1abba9\resource_pack_EP_JXK_7\textures\models\twx_zhz_color_mask.png,textures/models/twx_zhz_color_mask,56,42,1898,0,39,1859,38,255
D:\MCStudioDownload\work\m15962993069@163.com\Cpp\AddOn\22f5988bacfd44b4a5306ffeff1abba9\resource_pack_EP_JXK_7\textures\models\twx_zzqjq_color_mask.png,textures/models/twx_zzqjq_color_mask,256,256,9439,0,9439,0,255,255
D:\MCStudioDownload\work\m15962993069@163.com\Cpp\AddOn\0d09f0c5ce3c4778be216e9fda681ea0\resource_pack_EP_JXK_Gun_2\textures\models\ump45_color_mask.png,textures/models/ump45_color_mask,240,164,19786,0,16,19770,4,255
D:\MCStudioDownload\work\m15962993069@163.com\Cpp\AddOn\0d09f0c5ce3c4778be216e9fda681ea0\resource_pack_EP_JXK_Gun_2\textures\models\usp45_color_mask.png,textures/models/usp45_color_mask,256,146,11681,0,257,11424,40,255
D:\MCStudioDownload\work\m15962993069@163.com\Cpp\AddOn\0d09f0c5ce3c4778be216e9fda681ea0\resource_pack_EP_JXK_Gun_2\textures\models\viper2011_color_mask.png,textures/models/viper2011_color_mask,178,98,6530,0,52,6478,55,255
D:\MCStudioDownload\work\m15962993069@163.com\Cpp\AddOn\ead4fc560a4e45c1bdd0d88ef9710061\resource_pack_EP_JXK_9\textures\models\win1873_color_mask.png,textures/models/win1873_color_mask,104,56,5606,0,5604,2,25,255
D:\MCStudioDownload\work\m15962993069@163.com\Cpp\AddOn\0d09f0c5ce3c4778be216e9fda681ea0\resource_pack_EP_JXK_Gun_2\textures\models\xm7_color_mask.png,textures/models/xm7_color_mask,228,130,8774,0,5,8769,3,255
